,Index,Address,City,Company_Name,Conf_Score,File_List,Header,Text
0,5,354 BROADWAY ST,PROVIDENCE,Accinno John J,100.0,['cd1976/entry/1976_Page_68 (1)_18.png'],ACCOUNTANTSCERTIFIED PUBLIC,Accinno John J 354 Broadway
1,12,1145 RESERVOIR AVE,PROVIDENCE,Catoni Louis,100.0,"['cd1976/entry/1976_Page_68 (1)_30.png', 'cd1976/entry/1976_Page_68 (1)_31.png']",ACCOUNTANTSCERTIFIED PUBLIC,Catoni Louis 1145 Reservoir Av Cranston R {NNMAOM\ Tal AAA_AAKN
2,27,480 BENEFIT ST,PROVIDENCE,St Picchione Nicholas & Co,100.0,"['cd1976/entry/1976_Page_68 (2)_31.png', 'cd1976/entry/1976_Page_68 (2)_32.png']",ACCOUNTANTSCERTIFIED PUBLIC CONTD,"St
Picchione Nicholas & Co 480 Benefit St"
3,35,60 BROADWAY ST,PROVIDENCE,Villatico Guy,83.0,['cd1976/entry/1976_Page_68 (3)_10.png'],ACCOUNTANTSCERTIFIED PUBLIC CONTD,Villatico Guy 60 Broadway Suite G
4,50,168 BROADWAY ST,PROVIDENCE,David Bennie A,100.0,['cd1976/entry/1976_Page_68 (3)_32.png'],ACCOUNTANTSPUBLIC,David Bennie A 168 Broadway
5,52,36 OLNEYVILLE SQ,PROVIDENCE,Della Ventura Guy,100.0,"['cd1976/entry/1976_Page_68 (3)_34.png', 'cd1976/entry/1976_Page_68 (3)_35.png']",ACCOUNTANTSPUBLIC,Della Ventura Guy 36 Olneyville Sq Rm 5
6,78,438 BROADWAY ST,PROVIDENCE,Mardo Anthony & Co,100.0,['cd1976/entry/1976_Page_69 (1)_35.png'],ACCOUNTANTSPUBLICCONTD,Mardo Anthony & Co 438 Broadway
7,82,414 BROADWAY ST,PROVIDENCE,Paterra J J & Co,100.0,['cd1976/entry/1976_Page_69 (1)_40.png'],ACCOUNTANTSPUBLICCONTD,Paterra J J & Co 414 Broadway
8,98,36 KENNEDY PLZ,PROVIDENCE,Tabulex,96.0,['cd1976/entry/1976_Page_69 (1)_61.png'],ACCOUNTANTSPUBLICCONTD,Tabulex 36 Kennedy Plaza Rm 516
9,102,500 BROADWAY ST,PROVIDENCE,Zelano Richd R,100.0,['cd1976/entry/1976_Page_69 (1)_67.png'],ACCOUNTANTSPUBLICCONTD,Zelano Richd R 500 Broadway
10,132,36 KENNEDY PLZ,PROVIDENCE,Lorimer John A,96.0,"['cd1976/entry/1976_Page_69 (2)_50.png', 'cd1976/entry/1976_Page_69 (2)_51.png']",ADVERTISING AGENCIES,Lorimer John A 36 Kennedy Plaza Rm 415
11,161,185 FREMONT ST,PROVIDENCE,HEVAC ENGINEERING CORP,86.0,"['cd1976/entry/1976_Page_69 (3)_33.png', 'cd1976/entry/1976_Page_69 (3)_34.png']",*AIR CONDITIONING CONTRACTORS,"HEVAC ENGINEERING CORP 185 Front St (Pawtucket; 02861), Tel 723-5950"
12,163,277 SCHOOL ST,PROVIDENCE,ABCO ENGINEERING CORP,100.0,"['cd1976/entry/1976_Page_69 (3)_46.png', 'cd1976/entry/1976_Page_69 (3)_47.png']",*AIR CONDITIONING ENGINEERS,"ABCO ENGINEERING CORP 277 School St (Pawtucket; 02860), Tel 725-7650"
13,169,44 NEWMAN AVE,PROVIDENCE,NEWMAN FRANK J & SON INC,100.0,"['cd1976/entry/1976_Page_70 (1)_9.png', 'cd1976/entry/1976_Page_70 (1)_10.png', 'cd1976/entry/1976_Page_70 (1)_11.png']",AIR POLLUTION CONTROL SYSTEMS,"NEWMAN FRANK J & SON INC 44 Newman Av (Johnston, 02919) Tel 231-0550"
14,172,40 KENNEDY PLZ,PROVIDENCE,Rogers One Day Alterations,96.0,"['cd1976/entry/1976_Page_70 (1)_28.png', 'cd1976/entry/1976_Page_70 (1)_29.png']",ALDERMEN,Rogers One Day Alterations 40 Kennedy Plaza
15,216,454 BROADWAY ST,PROVIDENCE,Armand Apartments,100.0,['cd1976/entry/1976_Page_70 (2)_52.png'],APARTMENTS AND TOWN HOUSES,Armand Apartments 454 Broadway
16,224,131 BROADWAY ST,PROVIDENCE,Barclay Apartments,100.0,['cd1976/entry/1976_Page_70 (2)_64.png'],APARTMENTS AND TOWN HOUSES,Barclay Apartments 131 Broadway
17,225,347 PINE ST,PROVIDENCE,Bellini Apts,100.0,['cd1976/entry/1976_Page_70 (2)_65.png'],APARTMENTS AND TOWN HOUSES,Bellini Apts 347 Pine St
18,237,235 BROADWAY ST,PROVIDENCE,Broadway Apartments,100.0,['cd1976/entry/1976_Page_70 (3)_3.png'],APARTMENTS AND TOWN HOUSES CONTD,Broadway Apartments 235 Broadway
19,303,7 OLNEYVILLE SQ,PROVIDENCE,Harrington The,100.0,['cd1976/entry/1976_Page_71 (1)_14.png'],APARTMENTS AND TOWN HOUSES CONTD,Harrington The 7 Olneyville Sq
20,307,7 BROWNELL ST,PROVIDENCE,Hillcrest Apartments,100.0,['cd1976/entry/1976_Page_71 (1)_19.png'],APARTMENTS AND TOWN HOUSES CONTD,Hillcrest Apartments 7 Brownell St
21,361,19 MULBERRY ST,PROVIDENCE,Mulberry House,100.0,['cd1976/entry/1976_Page_71 (2)_13.png'],APARTMENTS AND TOWN HOUSES CONTD,Mulberry House 19 Mulberry St
22,373,485 BROADWAY ST,PROVIDENCE,Park Lane Apartments,100.0,['cd1976/entry/1976_Page_71 (2)_29.png'],APARTMENTS AND TOWN HOUSES CONTD,Park Lane Apartments 485 Broadway
23,389,60 BROADWAY ST,PROVIDENCE,Regency Apartments The,100.0,"['cd1976/entry/1976_Page_71 (2)_50.png', 'cd1976/entry/1976_Page_71 (2)_51.png']",APARTMENTS AND TOWN HOUSES CONTD,Regency Apartments The 60 Broadway
24,450,36 KENNEDY PLZ,PROVIDENCE,Patzer Paul R,96.0,"['cd1976/entry/1976_Page_71 (3)_66.png', 'cd1976/entry/1976_Page_71 (3)_67.png']",ARCHITECTS,Patzer Paul R 36 Kennedy Plaza Rm 407
25,453,12 ARNOLD CT,PROVIDENCE,Read Bruce C,100.0,['cd1976/entry/1976_Page_71 (3)_73.png'],ARCHITECTS,Read Bruce C 12% Arnold St
26,550,36 KENNEDY PLZ,PROVIDENCE,Kendrick Dave Design,96.0,"['cd1976/entry/1976_Page_72 (2)_74.png', 'cd1976/entry/1976_Page_72 (2)_75.png']",ARTISTSCOMMERCIAL,Kendrick Dave Design 36 Kennedy Plaza Rm 406
27,557,32 WESTMINSTER ST,PROVIDENCE,Moss C W Co,100.0,"['cd1976/entry/1976_Page_72 (3)_7.png', 'cd1976/entry/1976_Page_72 (3)_8.png']",ARTISTSCOMMERCIALCONTD,Moss C W Co 32 Westminster St Rm 407
28,562,11 BROOKSIDE AVE,PROVIDENCE,Peckham Adele M Mrs,100.0,"['cd1976/entry/1976_Page_72 (3)_16.png', 'cd1976/entry/1976_Page_72 (3)_17.png']",ARTISTSCOMMERCIALCONTD,Peckham Adele M Mrs 11 Brookside Av
29,566,36 KENNEDY PLZ,PROVIDENCE,Young Andrew A,96.0,"['cd1976/entry/1976_Page_72 (3)_21.png', 'cd1976/entry/1976_Page_72 (3)_22.png']",ARTISTSCOMMERCIALCONTD,Young Andrew A 36 Kennedy Plaza Rm 405
30,599,438 FOUNTAIN ST,PROVIDENCE,Werner Sullivan & Nilsson,100.0,"['cd1976/entry/1976_Page_73 (1)_6.png', 'cd1976/entry/1976_Page_73 (1)_7.png']",AUTOMOBILE ACCESSORIES AND PARTSMFRS,Werner Sullivan & Nilsson 438 Fountain St
31,601,186 BROADWAY ST,PROVIDENCE,A & J Auto Ignition Co Inc,100.0,"['cd1976/entry/1976_Page_73 (1)_11.png', 'cd1976/entry/1976_Page_73 (1)_12.png']",AUTOMOBILE ACCESSORIES AND PARTSRETAIL,A & J Auto Ignition Co Inc 186 Broadway
32,605,584 BROADWAY ST,PROVIDENCE,Atlantic Motor Parts Co,100.0,"['cd1976/entry/1976_Page_73 (1)_18.png', 'cd1976/entry/1976_Page_73 (1)_19.png']",AUTOMOBILE ACCESSORIES AND PARTSRETAIL,Atlantic Motor Parts Co 584 Broadway
33,623,135 BROADWAY ST,PROVIDENCE,Montgomery Distributors Inc,100.0,"['cd1976/entry/1976_Page_73 (1)_46.png', 'cd1976/entry/1976_Page_73 (1)_47.png']",AUTOMOBILE ACCESSORIES AND PARTSRETAIL,Montgomery Distributors Inc 135 Broadway
34,635,38 ORIENTAL ST,PROVIDENCE,Wholesale Auto Parts Inc,100.0,"['cd1976/entry/1976_Page_73 (1)_73.png', 'cd1976/entry/1976_Page_73 (1)_74.png']",AUTOMOBILE ACCESSORIES AND PARTS WHOLESALE AND JOBBERS,Wholesale Auto Parts Inc 38 Oriental St
35,638,416 FOUNTAIN ST,PROVIDENCE,Alpine Auto Body Inc,100.0,"['cd1976/entry/1976_Page_73 (2)_12.png', 'cd1976/entry/1976_Page_73 (2)_13.png']",AUTOMOBILE BODY REPAIRERS,Alpine Auto Body Inc 416 Fountain St
36,639,448 DYER ST,PROVIDENCE,AMERICAN AUTO BODY INC,100.0,"['cd1976/entry/1976_Page_73 (2)_14.png', 'cd1976/entry/1976_Page_73 (2)_15.png', 'cd1976/entry/1976_Page_73 (2)_16.png']",AUTOMOBILE BODY REPAIRERS,"AMERICAN AUTO BODY INC 448 Dyer Av (Cranston, 02920), Tel 944-9724 Or 944-1134"
37,653,400 FOUNTAIN ST,PROVIDENCE,Federal Auto Body Works Inc,100.0,"['cd1976/entry/1976_Page_73 (2)_37.png', 'cd1976/entry/1976_Page_73 (2)_38.png']",AUTOMOBILE BODY REPAIRERS,Federal Auto Body Works Inc 400 Fountain St
38,663,456 FOUNTAIN ST,PROVIDENCE,RALPH & SONS AUTO BODY CO,100.0,"['cd1976/entry/1976_Page_73 (2)_53.png', 'cd1976/entry/1976_Page_73 (2)_54.png', 'cd1976/entry/1976_Page_73 (2)_55.png']",AUTOMOBILE BODY REPAIRERS,"RALPH & SONS AUTO BODY CO 456 Fountain St (02903), Tel 621-8899 (See Index To Advertisers)"
39,674,550 PAWTUXET AVE,PROVIDENCE,BAKER FORD/BMW,85.0,"['cd1976/entry/1976_Page_73 (2)_74.png', 'cd1976/entry/1976_Page_73 (2)_75.png']",AUTOMOBILE DEALERS,"BAKER FORD/BMW 550 Pawtucket Av (Pawtucket; 02860), Tel 722-1960"
40,678,1152 PARK AVE,PROVIDENCE,CANN DODGE INC,100.0,"['cd1976/entry/1976_Page_73 (3)_7.png', 'cd1976/entry/1976_Page_73 (3)_8.png']",AUTOMOBILE DEALERSCONTD BEECROFT CHEVROLET HONDA CAR,"CANN DODGE INC 1152 Park Av (Cranston; 02910), Tel 944-7600"
41,686,625 STANTON ST,PROVIDENCE,ELMWOOD DODGE INC,86.0,"['cd1976/entry/1976_Page_73 (3)_20.png', 'cd1976/entry/1976_Page_73 (3)_21.png', 'cd1976/entry/1976_Page_73 (3)_22.png']",AUTOMOBILE DEALERSCONTD BEECROFT CHEVROLET HONDA CAR,"ELMWOOD DODGE INC 625 Taunton Av, (East Providence, 02914), Tel 438- 0400 (See Index To Advertisers)"
42,687,939 NEWPORT ST,PROVIDENCE,FOURNIER E P CO INC,100.0,"['cd1976/entry/1976_Page_73 (3)_26.png', 'cd1976/entry/1976_Page_73 (3)_27.png', 'cd1976/entry/1976_Page_73 (3)_28.png']",AUTOMOBILE DEALERSCONTD BEECROFT CHEVROLET HONDA CAR,"FOURNIER E P CO INC 939 Newport Av (Pawtucket; 02861), Tel 725-4556 (See Index To Advertisers)"
43,696,1338 POST RD,PROVIDENCE,NORWOOD CHEVROLET,100.0,"['cd1976/entry/1976_Page_73 (3)_44.png', 'cd1976/entry/1976_Page_73 (3)_45.png']",AUTOMOBILE DEALERSCONTD BEECROFT CHEVROLET HONDA CAR,"NORWOOD CHEVROLET 1338 Post Rd (Warwick; 02888), Tel 781-4300"
44,699,1564 WARWICK AVE,PROVIDENCE,PALMER PLYMOUTH INC,100.0,"['cd1976/entry/1976_Page_73 (3)_51.png', 'cd1976/entry/1976_Page_73 (3)_52.png', 'cd1976/entry/1976_Page_73 (3)_53.png']",AUTOMOBILE DEALERSCONTD BEECROFT CHEVROLET HONDA CAR,"PALMER PLYMOUTH INC 1564 Warwick Av (Warwick; 02889), Tel 739-5200 (See Index To Advertisers)"
45,731,30 IANTHE ST,PROVIDENCE,Orlandis Auto Sales,100.0,['cd1976/entry/1976_Page_74 (1)_37.png'],AUTOMOBILE DEALERS USED CARS,Orlandis Auto Sales 30 Ianthe St
46,734,734 HARTFORD AVE,PROVIDENCE,Place Motors,100.0,['cd1976/entry/1976_Page_74 (1)_42.png'],AUTOMOBILE DEALERS USED CARS,Place Motors 734 Hartford Av
47,752,2669 POST RD,PROVIDENCE,GREENWOOD CREDIT UNION,100.0,"['cd1976/entry/1976_Page_74 (2)_2.png', 'cd1976/entry/1976_Page_74 (2)_3.png', 'cd1976/entry/1976_Page_74 (2)_4.png']",*AUTOMOBILE LOANS,"GREENWOOD CREDIT UNION 2669 Post Rd (Warwick; 02886), Tel 739- 4600 (See Index To Advertisers)"
48,764,27 RAILROAD TERR,PROVIDENCE,Depot Parking Grounds,88.0,"['cd1976/entry/1976_Page_74 (2)_25.png', 'cd1976/entry/1976_Page_74 (2)_26.png']",AUTOMOBILE PARKING,Depot Parking Grounds 27 Railroad St
49,790,101 STILLMAN ST,PROVIDENCE,Park N Lock,100.0,['cd1976/entry/1976_Page_74 (2)_70.png'],AUTOMOBILE PARKING,Park N Lock 101 Stillman St
50,812,44 KENNEDY PLZ,PROVIDENCE,Lo-Cost Car Rentals Inc,96.0,"['cd1976/entry/1976_Page_74 (3)_30.png', 'cd1976/entry/1976_Page_74 (3)_31.png']",AUTOMOBILE RENTING AND LEASING,Lo-Cost Car Rentals Inc 44 Kennedy Plaza
51,843,1388 WEST PARK ST,PROVIDENCE,Hicks Auto Service,100.0,['cd1976/entry/1976_Page_74 (3)_79.png'],AUTOMOBILE REPAIRING,Hicks Auto Service 1388 W Park St
52,869,120 BROADWAY ST,PROVIDENCE,Providence Auto Ignition Co,100.0,"['cd1976/entry/1976_Page_75 (1)_34.png', 'cd1976/entry/1976_Page_75 (1)_35.png']",AUTOMOBILE REPAIRINGCONTD,Providence Auto Ignition Co 120 Broadway
53,969,502 BROADWAY ST,PROVIDENCE,Borrelli Perry & His Orchestra,100.0,"['cd1976/entry/1976_Page_75 (3)_32.png', 'cd1976/entry/1976_Page_75 (3)_33.png']",BANDS AND ORCHESTRAS,Borrelli Perry & His Orchestra 502 Broadway
54,977,60 BROADWAY ST,PROVIDENCE,Stuart Ralph Music Inc,100.0,['cd1976/entry/1976_Page_75 (3)_45.png'],BANDS AND ORCHESTRAS,Stuart Ralph Music Inc 60 Broadway
55,980,1060 PARK AVE,PROVIDENCE,COOP CREDIT UNION Main Office,100.0,"['cd1976/entry/1976_Page_75 (3)_56.png', 'cd1976/entry/1976_Page_75 (3)_57.png', 'cd1976/entry/1976_Page_75 (3)_58.png']",*BANKS,COOP CREDIT UNION Main Office 1060 Park Av (Cranston; 02910) Tel 944-7750 (See Index To Advertisers)
56,981,36 KENNEDY PLZ,PROVIDENCE,American Institute Of Banking Prov Chapter,96.0,"['cd1976/entry/1976_Page_75 (3)_65.png', 'cd1976/entry/1976_Page_75 (3)_66.png']",COMPANY OF RHODE ISLAND,American Institute Of Banking Prov Chapter 36 Kennedy Plaza Rm 412
57,982,1218 MARVIN ST,PROVIDENCE,CENTREVILLE SAVINGS BANK,84.0,"['cd1976/entry/1976_Page_75 (3)_67.png', 'cd1976/entry/1976_Page_75 (3)_68.png', 'cd1976/entry/1976_Page_75 (3)_69.png', 'cd1976/entry/1976_Page_75 (3)_70.png']",COMPANY OF RHODE ISLAND,"CENTREVILLE SAVINGS BANK 1218 Main St (West Warwick: 02893), Tel 821-9100, Branch: 777 Tiogue Av (Coventry, 02816), Tel 821-4120"
58,1000,4410 WASHINGTON PL,PROVIDENCE,-,84.0,['cd1976/entry/1976_Page_76 (1)_58.png'],BANKS AND TRUST COMPANIES CONTD,"847-4410 8 Washington Square,"
59,1002,1220 POINT STREET BRG,PROVIDENCE,",",81.0,['cd1976/entry/1976_Page_76 (1)_72.png'],BANKS AND TRUST COMPANIES CONTD,"828-5330, 1220 Main Street, West"
60,1004,1859 PAWTUXET AV,PROVIDENCE,"),",82.0,['cd1976/entry/1976_Page_76 (2)_12.png'],BANKS AND TRUST COMPANIES CONTD,"Greenwich RI 02818), 1859 Pawtucket"
61,1006,117 MARVIN ST,PROVIDENCE,"02893),",84.0,"['cd1976/entry/1976_Page_76 (2)_26.png', 'cd1976/entry/1976_Page_76 (2)_27.png']",BANKS AND TRUST COMPANIES CONTD,"02893), 117 Main St (Woonsocket, RI 02895) (See Index To Advertisers)"
62,1014,1840 NORTH MAIN ST,PROVIDENCE,Old Stone Trust Co (Br),100.0,"['cd1976/entry/1976_Page_76 (2)_40.png', 'cd1976/entry/1976_Page_76 (2)_41.png']",BANKS AND TRUST COMPANIES CONTD,Old Stone Trust Co (Br) 1840 N Main St
63,1016,286 MARVIN ST,PROVIDENCE,PAWTUCKET TRUST COMPANY,84.0,"['cd1976/entry/1976_Page_76 (2)_44.png', 'cd1976/entry/1976_Page_76 (2)_45.png', 'cd1976/entry/1976_Page_76 (2)_46.png']",BANKS AND TRUST COMPANIES CONTD,"PAWTUCKET TRUST COMPANY 286 Main st (Pawtucket, 02860), Tel 724- 5000 (See Index To Advertisers)"
64,1026,144 MARVIN ST,PROVIDENCE,WOONSOCKET INSTITUTION FOR SAVINGS AND TRUST,84.0,"['cd1976/entry/1976_Page_76 (3)_7.png', 'cd1976/entry/1976_Page_76 (3)_8.png', 'cd1976/entry/1976_Page_76 (3)_9.png', 'cd1976/entry/1976_Page_76 (3)_10.png', 'cd1976/entry/1976_Page_76 (3)_11.png', 'cd1976/entry/1976_Page_76 (3)_12.png', 'cd1976/entry/1976_Page_76 (3)_13.png', 'cd1976/entry/1976_Page_76 (3)_14.png', 'cd1976/entry/1976_Page_76 (3)_15.png']",BANKS AND TRUST COMPANIES CONTD,"WOONSOCKET INSTITUTION FOR SAVINGS AND TRUST 144 Main St (Woonsocket, 02895), Tel 521-3500 1414 Atwood Av (Johnston; 02919), Tel 521-3500, 440 Putnam Pike Greenville, 02828), Tel 949-1410 2060 Diamond Hill Rd (Cumberland 02864), Tel 726- 3610, 1965 Mendon Rd (Cumberland 02864), Tel 725-6400 (See Index To"
65,1042,379 BROADWAY ST,PROVIDENCE,Antones Hair World,100.0,['cd1976/entry/1976_Page_76 (3)_54.png'],BARBER SHOPS,Antones Hair World 379 Broadway
66,1055,260 BROADWAY ST,PROVIDENCE,De Vincenzo Salvatore S,100.0,"['cd1976/entry/1976_Page_76 (3)_72.png', 'cd1976/entry/1976_Page_76 (3)_73.png']",BARBER SHOPS,De Vincenzo Salvatore S 260 Broadway
67,1098,263 BROADWAY ST,PROVIDENCE,Lombardi Peter A,100.0,['cd1976/entry/1976_Page_77 (1)_51.png'],BARBER SHOPSCONTD,Lombardi Peter A 263% Broadway
68,1118,502 BROADWAY ST,PROVIDENCE,Perrys Barber Shop,100.0,['cd1976/entry/1976_Page_77 (1)_77.png'],BARBER SHOPSCONTD,Perrys Barber Shop 502 Broadway
69,1142,266 BROADWAY ST,PROVIDENCE,Tonys Barber Shop,100.0,['cd1976/entry/1976_Page_77 (2)_17.png'],BARBER SHOPSCONTD,Tonys Barber Shop 266 Broadway
70,1155,294 BROADWAY ST,PROVIDENCE,Battery Shop & Rebuilding Co Inc,100.0,"['cd1976/entry/1976_Page_77 (2)_40.png', 'cd1976/entry/1976_Page_77 (2)_41.png']",BATTERY DEALERS AND SERVICE,Battery Shop & Rebuilding Co Inc 294 Broadway
71,1157,449 FOUNTAIN ST,PROVIDENCE,State Battery Co,100.0,['cd1976/entry/1976_Page_77 (2)_43.png'],BATTERY DEALERS AND SERVICE,State Battery Co 449 Fountain St
72,1160,145 BROADWAY ST,PROVIDENCE,Bearing Service Inc,100.0,['cd1976/entry/1976_Page_77 (2)_48.png'],BEARINGS,Bearing Service Inc 145 Broadway
73,1165,228 BROADWAY ST,PROVIDENCE,Masellio Bros Inc,100.0,['cd1976/entry/1976_Page_77 (2)_57.png'],BEAUTY SHOP SUPPLIES,Masellio Bros Inc 228 Broadway
74,1186,276 BROADWAY ST,PROVIDENCE,Beauty-Ful U,100.0,['cd1976/entry/1976_Page_77 (3)_16.png'],BEAUTY SHOPSCONTD,Beauty-Ful U 276 Broadway
75,1198,377 BROADWAY ST,PROVIDENCE,Boutique Coiffures,100.0,['cd1976/entry/1976_Page_77 (3)_36.png'],BEAUTY SHOPSCONTD,Boutique Coiffures 377 Broadway
76,1217,547 KILLINGLY ST,PROVIDENCE,Coiffures By Roberns,100.0,['cd1976/entry/1976_Page_77 (3)_71.png'],BEAUTY SHOPSCONTD,Coiffures By Roberns 547 Killingly St
77,1226,484 BROADWAY ST,PROVIDENCE,Dees Beauty Nook,100.0,['cd1976/entry/1976_Page_77 (3)_88.png'],BEAUTY SHOPSCONTD,Dees Beauty Nook 484 Broadway
78,1249,47 OLNEYVILLE SQ,PROVIDENCE,Gallos Beauty Salon,100.0,['cd1976/entry/1976_Page_78 (1)_25.png'],BEAUTY SHOPSCONTD,Gallos Beauty Salon 47 Olneyville Sq
79,1273,683 BROADWAY ST,PROVIDENCE,Jeannettes Beauty Salon,100.0,"['cd1976/entry/1976_Page_78 (1)_64.png', 'cd1976/entry/1976_Page_78 (1)_65.png']",BEAUTY SHOPSCONTD,Jeannettes Beauty Salon 683 Broadway
80,1287,504 BROADWAY ST,PROVIDENCE,La Mode Beauty Salon,100.0,['cd1976/entry/1976_Page_78 (1)_85.png'],BEAUTY SHOPSCONTD,La Mode Beauty Salon 504 Broadway
81,1302,316 BROADWAY ST,PROVIDENCE,Magic Touch Beauty Salon,100.0,"['cd1976/entry/1976_Page_78 (2)_25.png', 'cd1976/entry/1976_Page_78 (2)_26.png']",BEAUTY SHOPSCONTD,Magic Touch Beauty Salon 316 Broadway
82,1331,6 OLNEYVILLE SQ,PROVIDENCE,Playgirl Beauty Salon Of Prov,100.0,"['cd1976/entry/1976_Page_78 (2)_74.png', 'cd1976/entry/1976_Page_78 (2)_75.png']",BEAUTY SHOPSCONTD,Playgirl Beauty Salon Of Prov 6 Olneyville Sq
83,1344,28 OLNEYVILLE SQ,PROVIDENCE,Serros Beauty Salon,100.0,['cd1976/entry/1976_Page_78 (3)_7.png'],BEAUTY SHOPSCONTD,Serros Beauty Salon 28 Olneyville Sq
84,1354,262 BROADWAY ST,PROVIDENCE,Sues Coiffures,100.0,['cd1976/entry/1976_Page_78 (3)_21.png'],BEAUTY SHOPSCONTD,Sues Coiffures 262 Broadway
85,1392,671 BROADWAY ST,PROVIDENCE,Maple House The,100.0,['cd1976/entry/1976_Page_79 (1)_23.png'],BOARDING HOUSES,Maple House The 671 Broadway
86,1407,32 WESTMINSTER ST,PROVIDENCE,GARRAHAN WILLIAM H & CO INC,89.0,"['cd1976/entry/1976_Page_79 (1)_62.png', 'cd1976/entry/1976_Page_79 (1)_63.png', 'cd1976/entry/1976_Page_79 (1)_64.png']",*BONDSSURETY AND FIDELITY,"GARRAHAN WILLIAM H & CO INC 32 Westminster St, 2d Fl (02903), Tel 331-8313 (See Index To Advertisers)"
87,1518,125 CHARLES ST,PROVIDENCE,Canal House Ofe Bldg,100.0,['cd1976/entry/1976_Page_80 (1)_71.png'],BUILDINGSOFFICE AND PUBLIC,Canal House Ofe Bldg 125 Charles St
88,1530,681 BROADWAY ST,PROVIDENCE,Connor Building,100.0,['cd1976/entry/1976_Page_80 (2)_9.png'],BUILDINGSOFFICE AND PUBLIC CONTD,Connor Building 681 Broadway
89,1576,36 OLNEYVILLE SQ,PROVIDENCE,Irons Block,100.0,['cd1976/entry/1976_Page_80 (2)_69.png'],BUILDINGSOFFICE AND PUBLIC CONTD,Irons Block 36 Olneyville Sq
90,1589,117 BROADWAY ST,PROVIDENCE,Marino Building,100.0,['cd1976/entry/1976_Page_80 (2)_85.png'],BUILDINGSOFFICE AND PUBLIC CONTD,Marino Building 117 Broadway
91,1598,151 BROADWAY ST,PROVIDENCE,Morado Building,100.0,['cd1976/entry/1976_Page_80 (3)_9.png'],BUILDINGSOFFICE AND PUBLIC CONTD,Morado Building 151 Broadway
92,1641,20 OLNEYVILLE SQ,PROVIDENCE,Smith Building,100.0,['cd1976/entry/1976_Page_80 (3)_74.png'],BUILDINGSOFFICE AND PUBLIC CONTD,Smith Building 20 Olneyville Sq
93,1654,32 WESTMINSTER ST,PROVIDENCE,Thirty-Two Westminster Street Building,100.0,"['cd1976/entry/1976_Page_81 (1)_3.png', 'cd1976/entry/1976_Page_81 (1)_4.png']",BUILDINGSOFFICE AND PUBLIC CONTD,Thirty-Two Westminster Street Building 32 Westminster St
94,1656,68 KENNEDY PLZ,PROVIDENCE,Thompson Building,96.0,['cd1976/entry/1976_Page_81 (1)_6.png'],BUILDINGSOFFICE AND PUBLIC CONTD,Thompson Building 68 Kennedy Plaza
95,1663,30 OLNEYVILLE SQ,PROVIDENCE,Wales Building,100.0,['cd1976/entry/1976_Page_81 (1)_19.png'],BUILDINGSOFFICE AND PUBLIC CONTD,Wales Building 30 Olneyville Sq
96,1704,684 WARREN ST,PROVIDENCE,BURROUGHS CORP,100.0,"['cd1976/entry/1976_Page_81 (2)_23.png', 'cd1976/entry/1976_Page_81 (2)_24.png']",BUSINESS MACHINES,"BURROUGHS CORP 684 Warren Av (East Providence, 02914), Tel 434-1811"
97,1724,3 TOWER ST,PROVIDENCE,Westcott Edward C Cabinet Maker,92.0,"['cd1976/entry/1976_Page_81 (2)_56.png', 'cd1976/entry/1976_Page_81 (2)_57.png']",CABINETMAKERS,Westcott Edward C Cabinet Maker 3 Towner St
98,1732,420 BROADWAY ST,PROVIDENCE,Professional Carpet,100.0,['cd1976/entry/1976_Page_81 (2)_76.png'],CARPET AND RUG CLEANERS,Professional Carpet 420 Broadway
99,1775,406 FOUNTAIN ST,PROVIDENCE,Federal] Cast Products Inc,100.0,"['cd1976/entry/1976_Page_81 (3)_69.png', 'cd1976/entry/1976_Page_81 (3)_70.png']",CASTING MFRS,Federal] Cast Products Inc 406 Fountain St
100,1783,13 DESOTO ST,PROVIDENCE,Lujon Castings Inc,87.0,['cd1976/entry/1976_Page_81 (3)_82.png'],CASTING MFRS,Lujon Castings Inc 13 De Soto St
101,1807,11838 DOUGLAS AVE,PROVIDENCE,BRUNCA WATERPROOFING CO Rear,100.0,"['cd1976/entry/1976_Page_82 (1)_26.png', 'cd1976/entry/1976_Page_82 (1)_27.png', 'cd1976/entry/1976_Page_82 (1)_28.png', 'cd1976/entry/1976_Page_82 (1)_29.png']",*CAULKING CONTRACTORS,"BRUNCA WATERPROOFING CO Rear 11838% Douglas Av (N Providence; 02904), Tel 353-2769 (See Index To Advertisers)"
102,1816,401 RESERVOIR AVE,PROVIDENCE,Temple Beth El] Cemetery,100.0,"['cd1976/entry/1976_Page_82 (1)_59.png', 'cd1976/entry/1976_Page_82 (1)_60.png']",BUSINESS AND CEMETERY OFFICE,Temple Beth El] Cemetery 401 Reservoir Av
103,1836,508 BENEFIT ST,PROVIDENCE,Organic Chemical Corp,100.0,['cd1976/entry/1976_Page_82 (2)_38.png'],CHEMICAL DEALERS,Organic Chemical Corp 508 Benefit St
104,1860,117 BROADWAY ST,PROVIDENCE,Fine Arts Service Center Inc,100.0,"['cd1976/entry/1976_Page_82 (3)_24.png', 'cd1976/entry/1976_Page_82 (3)_25.png']","CHINA, CROCKERY, GLASSWARE AND EARTHENWARE",Fine Arts Service Center Inc 117 Broadway
105,1863,371 BROADWAY ST,PROVIDENCE,Lancellotti Wm,100.0,['cd1976/entry/1976_Page_82 (3)_30.png'],CHIROPRACTORS,Lancellotti Wm 371 Broadway
106,1876,191 BROADWAY ST,PROVIDENCE,Tallys Inc,100.0,['cd1976/entry/1976_Page_82 (3)_46.png'],CHURCH GOODS,Tallys Inc 191 Broadway
107,1892,430 WEYBOSSET ST,PROVIDENCE,Cathedral Of Saints Peter & Paul,100.0,"['cd1976/entry/1976_Page_83 (1)_6.png', 'cd1976/entry/1976_Page_83 (1)_7.png']",CHURCHES AND SYNAGOGUESCONTD,Cathedral Of Saints Peter & Paul 430 Weybosset St
108,1914,647 BROADWAY ST,PROVIDENCE,Church Of The Master,100.0,['cd1976/entry/1976_Page_83 (1)_48.png'],CHURCHES AND SYNAGOGUESCONTD,Church Of The Master 647 Broadway
109,1982,540 BROADWAY ST,PROVIDENCE,Saint Marys Roman Catholic Church,100.0,"['cd1976/entry/1976_Page_83 (2)_70.png', 'cd1976/entry/1976_Page_83 (2)_71.png']",CHURCHES AND SYNAGOGUESCONTD,Saint Marys Roman Catholic Church 540 Broadway
110,1994,402 BROADWAY ST,PROVIDENCE,Saint Vartanantz Armenian Apostolic Ch,100.0,"['cd1976/entry/1976_Page_83 (2)_94.png', 'cd1976/entry/1976_Page_83 (2)_95.png']",CHURCHES AND SYNAGOGUESCONTD,Saint Vartanantz Armenian Apostolic Ch 402 Broadway
111,2027,486 BROADWAY ST,PROVIDENCE,Alpine Cleaners,100.0,['cd1976/entry/1976_Page_83 (3)_48.png'],CLEANERS AND DYERS,Alpine Cleaners 486 Broadway
112,2032,312 BROADWAY ST,PROVIDENCE,Broadway Cleansers,100.0,['cd1976/entry/1976_Page_83 (3)_55.png'],CLEANERS AND DYERS,Broadway Cleansers 312 Broadway
113,2042,206 CAMDEN AVE,PROVIDENCE,Eagle Cleansers,100.0,['cd1976/entry/1976_Page_83 (3)_72.png'],CLEANERS AND DYERS,Eagle Cleansers 206 Camden Av
114,2150,538 BROADWAY ST,PROVIDENCE,Doran John F Rt Rev,100.0,['cd1976/entry/1976_Page_84 (2)_44.png'],CLERGYMENCONTD,Doran John F Rt Rev 538 Broadway
115,2155,538 BROADWAY ST,PROVIDENCE,Duhaime James Rev,100.0,['cd1976/entry/1976_Page_84 (2)_52.png'],CLERGYMENCONTD,Duhaime James Rev 538 Broadway
116,2205,54 DELMAR ST,PROVIDENCE,Knorr James W Rev,100.0,['cd1976/entry/1976_Page_84 (3)_24.png'],CLERGYMENCONTD,Knorr James W Rev 54 Delmar Av
117,2207,901 ATWELLS AVE,PROVIDENCE,Lambert Joseph J Rev,100.0,"['cd1976/entry/1976_Page_84 (3)_26.png', 'cd1976/entry/1976_Page_84 (3)_27.png']",CLERGYMENCONTD,Lambert Joseph J Rev 901 Atwells Av
118,2251,30 WILLIAM ELLERY PL,PROVIDENCE,Plummer Levi S Rev,100.0,"['cd1976/entry/1976_Page_84 (3)_79.png', 'cd1976/entry/1976_Page_84 (3)_80.png']",CLERGYMENCONTD,Plummer Levi S Rev 30 William Ellery Pl
119,2317,18320 NORTH MAIN ST,PROVIDENCE,Anderson Little Co Inc,100.0,"['cd1976/entry/1976_Page_85 (2)_23.png', 'cd1976/entry/1976_Page_85 (2)_24.png']",CLOTHINGRETAIL,Anderson Little Co Inc 18320 N Main St
120,2333,349 BROADWAY ST,PROVIDENCE,Deutch Edw Uniforms,100.0,['cd1976/entry/1976_Page_85 (2)_45.png'],CLOTHINGRETAIL,Deutch Edw Uniforms 349 Broadway
121,2375,2 WAYLAND SQ,PROVIDENCE,Olevson Helen Inc,100.0,['cd1976/entry/1976_Page_85 (3)_11.png'],CLOTHING-RETAILCONTD,Olevson Helen Inc 2 Wayland Sq
122,2386,3 OLNEYVILLE SQ,PROVIDENCE,Sams Clothes Shop,100.0,['cd1976/entry/1976_Page_85 (3)_23.png'],CLOTHING-RETAILCONTD,Sams Clothes Shop 3 Olneyville Sq
123,2395,50 OLNEYVILLE SQ,PROVIDENCE,Trader Dick Prep Shop,93.0,"['cd1976/entry/1976_Page_85 (3)_33.png', 'cd1976/entry/1976_Page_85 (3)_34.png']",CLOTHING-RETAILCONTD,Trader Dick Prep Shop 50 Olneyville
124,2418,20 WESTMINSTER ST,PROVIDENCE,Automobile Club Of Rhode Island,100.0,"['cd1976/entry/1976_Page_85 (3)_74.png', 'cd1976/entry/1976_Page_85 (3)_75.png']",CLUBS,Automobile Club Of Rhode Island 20 Westminster St
125,2446,445 FOUNTAIN ST,PROVIDENCE,Fountain Veterans Club,100.0,"['cd1976/entry/1976_Page_86 (1)_32.png', 'cd1976/entry/1976_Page_86 (1)_33.png']",CLUBSCONTD,Fountain Veterans Club 445 Fountain St
126,2455,256 BROADWAY ST,PROVIDENCE,Italo American Club Of Rhode Island,100.0,"['cd1976/entry/1976_Page_86 (1)_47.png', 'cd1976/entry/1976_Page_86 (1)_48.png']",CLUBSCONTD,Italo American Club Of Rhode Island 256 Broadway
127,2504,459 BROADWAY ST,PROVIDENCE,Young Italian Imperial Club,100.0,"['cd1976/entry/1976_Page_86 (2)_22.png', 'cd1976/entry/1976_Page_86 (2)_23.png']",CLUBSCONTD,Young Italian Imperial Club 459 Broadway
128,2513,571 BROADWAY ST,PROVIDENCE,Mills Coffee Roasting Co,100.0,"['cd1976/entry/1976_Page_86 (2)_41.png', 'cd1976/entry/1976_Page_86 (2)_42.png']",COFFEE ROASTERS,Mills Coffee Roasting Co 571 Broadway
129,2526,117 MARVIN ST,PROVIDENCE,"02893),",84.0,"['cd1976/entry/1976_Page_86 (3)_22.png', 'cd1976/entry/1976_Page_86 (3)_23.png']",COMMERCIAL LOANS--CONTD OLD STONE BANKCONTD,"02893), 117 Main St (Woonsocket, RI 02895) (See Index To Advertisers)"
130,2530,166 BROADWAY ST,PROVIDENCE,Gertz Inc,100.0,['cd1976/entry/1976_Page_86 (3)_34.png'],COMMUNICATION SYSTEMS,Gertz Inc 166 Broadway
131,2539,125 HIGGINS AVE,PROVIDENCE,CORRADO ANTHONY INC,90.0,"['cd1976/entry/1976_Page_86 (3)_53.png', 'cd1976/entry/1976_Page_86 (3)_54.png', 'cd1976/entry/1976_Page_86 (3)_55.png']",CONCRETE AND CINDER BLOCK MFRS,CORRADO ANTHONY INC 125 Higginson Av (Lincoln 02865) Tel 723-7600 (See Index To Advertisers)
132,2649,90 CALVERLY ST,PROVIDENCE,GILBANE BUILDING COMPANY,95.0,"['cd1976/entry/1976_Page_87 (3)_3.png', 'cd1976/entry/1976_Page_87 (3)_4.png']",CONTRACTORSBUILDING GENERAL CONTD,"GILBANE BUILDING COMPANY 90 Calverley St (02908), Tel 751-2700"
133,2658,80 GLOBE ST,PROVIDENCE,Leeming A H & Sons Of Rhode Island Inc,100.0,"['cd1976/entry/1976_Page_87 (3)_16.png', 'cd1976/entry/1976_Page_87 (3)_17.png']",CONTRACTORSBUILDING GENERAL CONTD,Leeming A H & Sons Of Rhode Island Inc 80 Globe St
134,2660,265 BROADWAY ST,PROVIDENCE,Lettieri Louis,100.0,['cd1976/entry/1976_Page_87 (3)_19.png'],CONTRACTORSBUILDING GENERAL CONTD,Lettieri Louis 265 Broadway
135,2839,129 WARREN ST,PROVIDENCE,FORTIN W D PLUMBING HEATING SPRINKLER INC,100.0,"['cd1976/entry/1976_Page_88 (2)_65.png', 'cd1976/entry/1976_Page_88 (2)_66.png', 'cd1976/entry/1976_Page_88 (2)_67.png', 'cd1976/entry/1976_Page_88 (2)_68.png', 'cd1976/entry/1976_Page_88 (2)_69.png']",CONTRACTORSHEATING,"FORTIN W D PLUMBING HEATING SPRINKLER INC 129 Warren Av (Office 995 Main St) (Pawtucket; 02860), Tels 722-4711, 722-4712 And 722-4712 (See Index To Advertisers)"
136,2873,90 DEPINEDO ST,PROVIDENCE,Pirolli Rugiero A,91.0,['cd1976/entry/1976_Page_88 (3)_39.png'],CONTRACTORSMASON,Pirolli Rugiero A 90 De Pinedo St
137,2890,51 DEPINEDO ST,PROVIDENCE,Caputo James Painting Co,91.0,"['cd1976/entry/1976_Page_88 (3)_59.png', 'cd1976/entry/1976_Page_88 (3)_60.png']",CONTRACTORSPAINTING AND DECORATING,Caputo James Painting Co 51 De Pinedo St
138,2918,42 DESOTO ST,PROVIDENCE,Gentile Mario E,87.0,['cd1976/entry/1976_Page_88 (3)_90.png'],CONTRACTORSPAINTING AND DECORATING,Gentile Mario E 42 De Soto St
139,2957,4965 PLAINFIELD ST,PROVIDENCE,Petteruti Wm L,100.0,['cd1976/entry/1976_Page_89 (1)_40.png'],CONTRACTORSPAINTING AND DECORATINGCONTD,Petteruti Wm L 4965 Plainfield St
140,2970,99 IMERA ST,PROVIDENCE,Select Painting Inc,100.0,['cd1976/entry/1976_Page_89 (1)_55.png'],CONTRACTORSPAINTING AND DECORATINGCONTD,Select Painting Inc 99 Imera Av
141,3002,129 WARREN ST,PROVIDENCE,FORTIN W D PLUMBING HEATING SPRINKLER INC,100.0,"['cd1976/entry/1976_Page_89 (2)_18.png', 'cd1976/entry/1976_Page_89 (2)_19.png', 'cd1976/entry/1976_Page_89 (2)_20.png', 'cd1976/entry/1976_Page_89 (2)_21.png', 'cd1976/entry/1976_Page_89 (2)_22.png']",CONTRACTORSPLUMBING,"FORTIN W D PLUMBING HEATING SPRINKLER INC 129 Warren Av (Office 995 Main St) (Pawtucket; 02860), Tels 722-4711, 722-4712 And 722-4713 (See Index To Advertisers)"
142,3008,563 BROADWAY ST,PROVIDENCE,Mahoney John A Plumbing & Heating,100.0,"['cd1976/entry/1976_Page_89 (2)_29.png', 'cd1976/entry/1976_Page_89 (2)_30.png']",CONTRACTORSPLUMBING,Mahoney John A Plumbing & Heating 563 Broadway
143,3101,711 PUTNAM ST,PROVIDENCE,GREENVILLE MATERIALS HANDLING INC,85.0,"['cd1976/entry/1976_Page_90 (1)_26.png', 'cd1976/entry/1976_Page_90 (1)_27.png', 'cd1976/entry/1976_Page_90 (1)_28.png']",CONVEYING SYSTEMS,"GREENVILLE MATERIALS HANDLING INC 711 Putnam Pike (Greenville; 02828), Tel 949-3170"
144,3123,101 MARVIN ST,PROVIDENCE,C T I REPORTS,84.0,"['cd1976/entry/1976_Page_90 (1)_74.png', 'cd1976/entry/1976_Page_90 (1)_75.png', 'cd1976/entry/1976_Page_90 (1)_76.png']",*CREDIT BUREAUS,"C T I REPORTS 101 Main St (Pawtucket, 02860), Tel 723-2819 (See Index To Advertisers)"
145,3127,106 WOLFE ST,PROVIDENCE,MERCHANTS REPORTING SERVICE,84.0,"['cd1976/entry/1976_Page_90 (2)_9.png', 'cd1976/entry/1976_Page_90 (2)_10.png', 'cd1976/entry/1976_Page_90 (2)_11.png']",CREDIT REPORTING AGENCIES,"MERCHANTS REPORTING SERVICE 106 Rolfe St (Cranston; 02910), Tel 781-5000"
146,3128,1060 PARK AVE,PROVIDENCE,COOP CREDIT UNION Main Office,100.0,"['cd1976/entry/1976_Page_90 (2)_13.png', 'cd1976/entry/1976_Page_90 (2)_14.png', 'cd1976/entry/1976_Page_90 (2)_15.png']",CREDIT UNIONS,COOP CREDIT UNION Main Office 1060 Park Av (Cranston; 02910) Tel 944-7750 (See Index To Advertisers)
147,3130,2669 POST RD,PROVIDENCE,GREENWOOD CREDIT UNION,100.0,"['cd1976/entry/1976_Page_90 (2)_18.png', 'cd1976/entry/1976_Page_90 (2)_19.png', 'cd1976/entry/1976_Page_90 (2)_20.png']",CREDIT UNIONS,"GREENWOOD CREDIT UNION 2669 Post Rd (Warwick; 02886), Tel 739- 4600 (See Index To Advertisers)"
148,3133,1052 PARK ST,PROVIDENCE,PROVIDENCE TEACHERS CREDIT UNION,100.0,"['cd1976/entry/1976_Page_90 (2)_27.png', 'cd1976/entry/1976_Page_90 (2)_28.png', 'cd1976/entry/1976_Page_90 (2)_29.png', 'cd1976/entry/1976_Page_90 (2)_30.png']",CREDIT UNIONS,"PROVIDENCE TEACHERS CREDIT UNION 1052. Park Av, (Cranston; 02910), Tel 944-6783 (See Index To Advertisers)"
149,3149,447 BROADWAY ST,PROVIDENCE,Dutchland Farm,100.0,['cd1976/entry/1976_Page_90 (2)_62.png'],DAIRIES,Dutchland Farm 447 Broadway
150,3151,660 COTTAGE ST,PROVIDENCE,St SALOIS DAIRY CO INC,100.0,"['cd1976/entry/1976_Page_90 (2)_64.png', 'cd1976/entry/1976_Page_90 (2)_65.png']",DAIRIES,"St
SALOIS DAIRY CO INC 660 Cottage St (Pawtucket; 02861), Tel 723-7952"
151,3172,97 THORNE ST,PROVIDENCE,Sunnybrook Farms Dairy Store,84.0,"['cd1976/entry/1976_Page_90 (3)_18.png', 'cd1976/entry/1976_Page_90 (3)_19.png']",DAIRY PRODUCTSRETAILCONTD,Sunnybrook Farms Dairy Store 97 Hone St
152,3189,36 KENNEDY PLZ,PROVIDENCE,Data Processing Services Inc,82.0,"['cd1976/entry/1976_Page_90 (3)_56.png', 'cd1976/entry/1976_Page_90 (3)_57.png']",DATA PROCESSING,Data Processing Services Inc 36 Kennedy Plaza Suite 516
153,3192,151 BROADWAY ST,PROVIDENCE,New England Data Service Inc,100.0,"['cd1976/entry/1976_Page_90 (3)_61.png', 'cd1976/entry/1976_Page_90 (3)_62.png']",DATA PROCESSING,New England Data Service Inc 151 Broadway Rm 25
154,3202,102 PATERSON ST,PROVIDENCE,Lincoln Nursery School,100.0,"['cd1976/entry/1976_Page_90 (3)_82.png', 'cd1976/entry/1976_Page_90 (3)_83.png']",DAY NURSERIES,Lincoln Nursery School 102 Paterson St
155,3236,36 OLNEYVILLE SQ,PROVIDENCE,Votolato Dental Laby,93.5,"['cd1976/entry/1976_Page_91 (1)_47.png', 'cd1976/entry/1976_Page_91 (1)_48.png']",DENTAL LABORATORIES,Votolato Dental Laby 36 Olneyville
156,3242,117 BROADWAY ST,PROVIDENCE,Balzofiore Anthony F,100.0,['cd1976/entry/1976_Page_91 (1)_58.png'],DENTISTS,Balzofiore Anthony F 117 Broadway
157,3253,171 BROADWAY ST,PROVIDENCE,Calenda Charles C,100.0,['cd1976/entry/1976_Page_91 (1)_73.png'],DENTISTS,Calenda Charles C 171 Broadway
158,3261,60 BROADWAY ST,PROVIDENCE,Connor Francis A Jr,83.0,"['cd1976/entry/1976_Page_91 (1)_82.png', 'cd1976/entry/1976_Page_91 (1)_83.png']",DENTISTS,Connor Francis A Jr 60 Broadway Suite A
159,3263,60 BROADWAY ST,PROVIDENCE,Da Silva John P,86.0,"['cd1976/entry/1976_Page_91 (1)_85.png', 'cd1976/entry/1976_Page_91 (1)_86.png']",DENTISTS,Da Silva John P 60 Broadway Suite
160,3270,215 BROADWAY ST,PROVIDENCE,Di Maio Anthony V,100.0,['cd1976/entry/1976_Page_91 (1)_95.png'],DENTISTS,Di Maio Anthony V 215 Broadway
161,3284,60 BROADWAY ST,PROVIDENCE,Geisler Richd R,83.0,['cd1976/entry/1976_Page_91 (2)_19.png'],DENTISTSCONTD,Geisler Richd R 60 Broadway Suite A
162,3302,347 BROADWAY ST,PROVIDENCE,Iacono Orlando,100.0,['cd1976/entry/1976_Page_91 (2)_39.png'],DENTISTSCONTD,Iacono Orlando 347 Broadway
163,3308,60 BROADWAY ST,PROVIDENCE,Kacewicz John A,86.0,"['cd1976/entry/1976_Page_91 (2)_47.png', 'cd1976/entry/1976_Page_91 (2)_48.png']",DENTISTSCONTD,Kacewicz John A 60 Broadway Suite
164,3323,1 RANDALL SQ,PROVIDENCE,_Manera John F D D S Inc,83.0,"['cd1976/entry/1976_Page_91 (2)_68.png', 'cd1976/entry/1976_Page_91 (2)_69.png']",DENTISTSCONTD,_Manera John F D D S Inc 1 Randall Sq Suite 409
165,3337,298 BROADWAY ST,PROVIDENCE,Parrillo John A,100.0,['cd1976/entry/1976_Page_91 (2)_86.png'],DENTISTSCONTD,Parrillo John A 298 Broadway
166,3342,322 BROADWAY ST,PROVIDENCE,Plaziak Edw P,100.0,['cd1976/entry/1976_Page_91 (2)_92.png'],DENTISTSCONTD,Plaziak Edw P 322 Broadway
167,3347,60 BROADWAY ST,PROVIDENCE,Sammartino Clark,86.0,"['cd1976/entry/1976_Page_91 (2)_98.png', 'cd1976/entry/1976_Page_91 (2)_99.png']",DENTISTSCONTD,Sammartino Clark 60 Broadway Suite
168,3349,462 BROADWAY ST,PROVIDENCE,Savastano Gennaro P M,100.0,"['cd1976/entry/1976_Page_91 (2)_101.png', 'cd1976/entry/1976_Page_91 (2)_102.png']",DENTISTSCONTD,Savastano Gennaro P M 462 Broadway
169,3356,1 RANDALL SQ,PROVIDENCE,Siegel Jason C,83.0,"['cd1976/entry/1976_Page_91 (3)_5.png', 'cd1976/entry/1976_Page_91 (3)_6.png']",DENTISTSCONTD,Siegel Jason C 1 Randall Sq Suite 405
170,3358,277 BROADWAY ST,PROVIDENCE,Sollitto Paul H,100.0,['cd1976/entry/1976_Page_91 (3)_8.png'],DENTISTSCONTD,Sollitto Paul H 277 Broadway
171,3369,30 OLNEYVILLE SQ,PROVIDENCE,Wasilewski Edw J,100.0,"['cd1976/entry/1976_Page_91 (3)_23.png', 'cd1976/entry/1976_Page_91 (3)_24.png']",DENTISTSCONTD,Wasilewski Edw J 30 Olneyville Sq Rm 2
172,3388,52 OLNEYVILLE SQ,PROVIDENCE,Peoples Department Store,100.0,"['cd1976/entry/1976_Page_91 (3)_60.png', 'cd1976/entry/1976_Page_91 (3)_61.png']",DEPARTMENT STORES,Peoples Department Store 52 Olneyville Sq
173,3426,897 CRANSTON ST,PROVIDENCE,DIAMOND CRAFT STONESETTING INC,100.0,"['cd1976/entry/1976_Page_92 (1)_30.png', 'cd1976/entry/1976_Page_92 (1)_31.png', 'cd1976/entry/1976_Page_92 (1)_32.png']",DIAMOND SETTERS,"DIAMOND CRAFT STONESETTING INC 897% Cranston St (Cranston, 02920), Tel 942-2420"
174,3428,170 BROADWAY ST,PROVIDENCE,Gottfried K Inc,100.0,['cd1976/entry/1976_Page_92 (1)_36.png'],DIAMONDS AND PRECIOUS STONES,Gottfried K Inc 170 Broadway
175,3492,9 WAYLAND SQ,PROVIDENCE,Adams Drug Stores,100.0,['cd1976/entry/1976_Page_92 (3)_25.png'],DRUGGISTSRETAIL,Adams Drug Stores 9 Wayland Sq
176,3514,344 BROADWAY ST,PROVIDENCE,DAndrea Pharmacy Inc,100.0,"['cd1976/entry/1976_Page_92 (3)_57.png', 'cd1976/entry/1976_Page_92 (3)_58.png']",DRUGGISTSRETAIL,DAndrea Pharmacy Inc 344 Broadway
177,3515,267 BROADWAY ST,PROVIDENCE,De Pasquale Professional Pharmacy,100.0,"['cd1976/entry/1976_Page_92 (3)_59.png', 'cd1976/entry/1976_Page_92 (3)_60.png']",DRUGGISTSRETAIL,De Pasquale Professional Pharmacy 267 Broadway
178,3578,36 KENNEDY PLZ,PROVIDENCE,Adstat Service Co,96.0,"['cd1976/entry/1976_Page_93 (1)_63.png', 'cd1976/entry/1976_Page_93 (1)_64.png']",DUPLICATING MACHINES AND SUPPLIES,Adstat Service Co 36 Kennedy Plaza
179,3579,319 BROADWAY ST,PROVIDENCE,Dick A B Co Of Ri Inc,100.0,['cd1976/entry/1976_Page_93 (1)_65.png'],DUPLICATING MACHINES AND SUPPLIES,Dick A B Co Of Ri Inc 319 Broadway
180,3591,116 WASHINGTON PL,PROVIDENCE,BLACKSTONE VALLEY ELECTRIC CO Rte,82.0,"['cd1976/entry/1976_Page_93 (2)_5.png', 'cd1976/entry/1976_Page_93 (2)_6.png', 'cd1976/entry/1976_Page_93 (2)_7.png']",*ELECTRIC LIGHT AND POWER COMPANIES,"BLACKSTONE VALLEY ELECTRIC CO Rte 116 George Washington Hwy (Lincoln, 02865), Tel 724-7400"
181,3652,7 WOODLAND ST,PROVIDENCE,Staffall Inc,100.0,['cd1976/entry/1976_Page_93 (3)_47.png'],ELECTRONIC EQUIPMENT AND SUPPLIES,Staffall Inc 7 Woodland St
182,3679,24 DESOTO ST,PROVIDENCE,De Soto Soft Enameling Co Inc Rear,87.0,"['cd1976/entry/1976_Page_94 (1)_32.png', 'cd1976/entry/1976_Page_94 (1)_33.png']",ENAMELERS,De Soto Soft Enameling Co Inc Rear 24 De Soto St
183,3706,151 BROADWAY ST,PROVIDENCE,Mac Lellan & Dormer Inc,100.0,"['cd1976/entry/1976_Page_94 (1)_76.png', 'cd1976/entry/1976_Page_94 (1)_77.png']",ENGINEERSCONSULTING,Mac Lellan & Dormer Inc 151 Broadway Rm 22
184,3763,1175 CRANSTON ST,PROVIDENCE,FENCE J D INC,100.0,"['cd1976/entry/1976_Page_94 (3)_44.png', 'cd1976/entry/1976_Page_94 (3)_45.png']",*FENCE ERECTORS,"FENCE J D INC 1175 Cranston St (Cranston 02920), Tel 944-2622"
185,3766,1674 HARTFORD AVE,PROVIDENCE,COSTANTINO BROS INC,100.0,"['cd1976/entry/1976_Page_94 (3)_50.png', 'cd1976/entry/1976_Page_94 (3)_51.png', 'cd1976/entry/1976_Page_94 (3)_52.png']",FENCE MFRS,"COSTANTINO BROS INC 1674 Hartford Av (Johnston; 02919), Tel 831-5590 (See Index To Advertisers)"
186,3781,288 BROADWAY ST,PROVIDENCE,Broadway Credit Inc,100.0,['cd1976/entry/1976_Page_95 (1)_8.png'],FINANCE COMPANIESCONTD,Broadway Credit Inc 288 Broadway
187,3785,40 OLNEYVILLE SQ,PROVIDENCE,Dial Finance Co,100.0,['cd1976/entry/1976_Page_95 (1)_13.png'],FINANCE COMPANIESCONTD,Dial Finance Co 40 Olneyville Sq
188,3809,36 KENNEDY PLZ,PROVIDENCE,United Security Corporation,96.0,"['cd1976/entry/1976_Page_95 (1)_47.png', 'cd1976/entry/1976_Page_95 (1)_48.png']",FINANCE COMPANIESCONTD,United Security Corporation 36 Kennedy Plaza Rm 416
189,3818,704 CENTRAL AVE,PROVIDENCE,"HUTTERS FIRE EXTINGUISHER SERVICE CO INC Bureau Of Explosives Approval No 1975,",100.0,"['cd1976/entry/1976_Page_95 (1)_75.png', 'cd1976/entry/1976_Page_95 (1)_76.png', 'cd1976/entry/1976_Page_95 (1)_77.png', 'cd1976/entry/1976_Page_95 (1)_78.png', 'cd1976/entry/1976_Page_95 (1)_79.png']",FIRE EXTINGUISHERS,"HUTTERS FIRE EXTINGUISHER SERVICE CO INC Bureau Of Explosives Approval No 1975, 704 Central Av (Pawtucket; 02861), Tel 725-4269"
190,3837,526 POWER ST,PROVIDENCE,CAPWELL AWNING CO,100.0,"['cd1976/entry/1976_Page_95 (2)_32.png', 'cd1976/entry/1976_Page_95 (2)_33.png', 'cd1976/entry/1976_Page_95 (2)_34.png']","FLAGS, BANNERS AND BUNTING","CAPWELL AWNING CO 526 Power Rd (Pawtucket, 02860), Factory 310 Owen Av (Pawtucket, 02860), Tel 722-3386"
191,3957,172 BROADWAY ST,PROVIDENCE,Fogarty Philip & Sons Inc,100.0,"['cd1976/entry/1976_Page_96 (2)_11.png', 'cd1976/entry/1976_Page_96 (2)_12.png']",FUEL OILCONTD,Fogarty Philip & Sons Inc 172 Broadway
192,3972,734 HARTFORD AVE,PROVIDENCE,Montis Oil Service,100.0,['cd1976/entry/1976_Page_96 (2)_30.png'],FUEL OILCONTD,Montis Oil Service 734 Hartford Av
193,3981,504 BROADWAY ST,PROVIDENCE,Tammelleo John,100.0,['cd1976/entry/1976_Page_96 (2)_45.png'],FUEL OILCONTD,Tammelleo John 504% Broadway
194,3993,477 BROADWAY ST,PROVIDENCE,Berarducci V J & Sons,100.0,['cd1976/entry/1976_Page_96 (2)_72.png'],FUNERAL DIRECTORS,Berarducci V J & Sons 477 Broadway
195,3999,1 WESTMINSTER ST,PROVIDENCE,Di Ioriv John & Sons Inc,95.0,"['cd1976/entry/1976_Page_96 (2)_80.png', 'cd1976/entry/1976_Page_96 (2)_81.png']",FUNERAL DIRECTORS,Di Ioriv John & Sons Inc 1:47 Westminster St
196,4002,334 BROADWAY ST,PROVIDENCE,St Gattone Thos & Son Inc,100.0,"['cd1976/entry/1976_Page_96 (2)_87.png', 'cd1976/entry/1976_Page_96 (2)_88.png']",FUNERAL DIRECTORS,"St
Gattone Thos & Son Inc 334 Broadway"
197,4024,210 STANTON ST,PROVIDENCE,SCOTT FUNERAL HOME,86.0,"['cd1976/entry/1976_Page_96 (3)_37.png', 'cd1976/entry/1976_Page_96 (3)_38.png', 'cd1976/entry/1976_Page_96 (3)_39.png']",FUNERAL DIRECTORSCONTD,"SCOTT FUNERAL HOME 210 Taunton Av (East Providence, 02914), Tel 434- 2600 (See Index To Advertisers)"
198,4026,458 SHOVE ST,PROVIDENCE,Sugarman Max Funeral Home,91.0,"['cd1976/entry/1976_Page_96 (3)_42.png', 'cd1976/entry/1976_Page_96 (3)_43.png']",FUNERAL DIRECTORSCONTD,Sugarman Max Funeral Home 458 Hove St
199,4028,425 BROADWAY ST,PROVIDENCE,Tarro A & Sons,100.0,['cd1976/entry/1976_Page_96 (3)_45.png'],FUNERAL DIRECTORSCONTD,Tarro A & Sons 425 Broadway
200,4031,210 STANTON ST,PROVIDENCE,WILLIAMS J H & CO INC,86.0,"['cd1976/entry/1976_Page_96 (3)_50.png', 'cd1976/entry/1976_Page_96 (3)_51.png', 'cd1976/entry/1976_Page_96 (3)_52.png']",FUNERAL DIRECTORSCONTD,"WILLIAMS J H & CO INC 210 Taunton Av (East Providence, 02914), Tel 434- 2600 (See Index To Advertisers)"
201,4036,1278 PARK AVE,PROVIDENCE,NARDOLILLO FUNERAL HOME INC,100.0,"['cd1976/entry/1976_Page_96 (3)_66.png', 'cd1976/entry/1976_Page_96 (3)_67.png', 'cd1976/entry/1976_Page_96 (3)_68.png']",*FUNERAL HOMES,"NARDOLILLO FUNERAL HOME INC 1278 Park Av (Cranston, 02910), Tel 942-6760"
202,4062,461 SOUTH CT,PROVIDENCE,Coburn Alice A Mrs,83.5,['cd1976/entry/1976_Page_97 (1)_19.png'],FURNISHED ROOMS,Coburn Alice A Mrs 461 Pine S+
203,4099,739 HARTFORD AVE,PROVIDENCE,Pinto R J Co,100.0,['cd1976/entry/1976_Page_97 (1)_64.png'],FURNITURE FINISHERS,Pinto R J Co 739 Hartford Av
204,4156,150 BROADWAY ST,PROVIDENCE,White Electric Co,100.0,['cd1976/entry/1976_Page_97 (2)_73.png'],GARDEN AND LAWN IMPLEMENT DEALERS,White Electric Co 150 Broadway
205,4158,1595 MENDON ST,PROVIDENCE,VALLEY PROPANE (Division Of Valley Gas),100.0,"['cd1976/entry/1976_Page_97 (3)_6.png', 'cd1976/entry/1976_Page_97 (3)_7.png', 'cd1976/entry/1976_Page_97 (3)_8.png']",GASBOTTLED,VALLEY PROPANE (Division Of Valley Gas) 1595 Mendon Rd (Cumberland RI 02864) Tel 724-9100
206,4163,392 BROADWAY ST,PROVIDENCE,Aspry Atlantic Station,100.0,['cd1976/entry/1976_Page_97 (3)_17.png'],GASOLINE STATIONS,Aspry Atlantic Station 392 Broadway
207,4195,399 BROADWAY ST,PROVIDENCE,Di Paolo Service Station,100.0,"['cd1976/entry/1976_Page_97 (3)_63.png', 'cd1976/entry/1976_Page_97 (3)_64.png']",GASOLINE STATIONS,Di Paolo Service Station 399 Broadway
208,4207,55 BROADWAY ST,PROVIDENCE,Four As Enterprises,100.0,['cd1976/entry/1976_Page_97 (3)_81.png'],GASOLINE STATIONS,Four As Enterprises 55 Broadway
209,4210,301 BROADWAY ST,PROVIDENCE,Franks Auto Service,100.0,['cd1976/entry/1976_Page_97 (3)_84.png'],GASOLINE STATIONS,Franks Auto Service 301 Broadway
210,4219,250 BROADWAY ST,PROVIDENCE,Grillis Texaco Service,100.0,['cd1976/entry/1976_Page_97 (3)_96.png'],GASOLINE STATIONS,Grillis Texaco Service 250 Broadway
211,4220,55 BROADWAY ST,PROVIDENCE,Gulf Travel Center,100.0,['cd1976/entry/1976_Page_97 (3)_97.png'],GASOLINE STATIONS,Gulf Travel Center 55 Broadway
212,4222,306 BROADWAY ST,PROVIDENCE,Iozzis Service Station,100.0,['cd1976/entry/1976_Page_97 (3)_100.png'],GASOLINE STATIONS,Iozzis Service Station 306 Broadway
213,4263,497 BROADWAY ST,PROVIDENCE,Payette Hervey E,100.0,['cd1976/entry/1976_Page_98 (1)_58.png'],GASOLINE STATIONSCONTD,Payette Hervey E 497 Broadway
214,4346,739 HARTFORD AVE,PROVIDENCE,Pintos Gift Shoppe,100.0,['cd1976/entry/1976_Page_98 (2)_78.png'],GIFT SHOPS,Pintos Gift Shoppe 739 Hartford Av
215,4356,30 IANTHE ST,PROVIDENCE,Maes Glass Co,100.0,['cd1976/entry/1976_Page_98 (3)_11.png'],GLASS DEALERSWINDOW AND PLATE,Maes Glass Co 30 Ianthe St
216,4415,506 BROADWAY ST,PROVIDENCE,Check Aboard Convenience Store,100.0,"['cd1976/entry/1976_Page_99 (1)_22.png', 'cd1976/entry/1976_Page_99 (1)_23.png']",GROCERIES AND MEATS RETAIL CONTD,Check Aboard Convenience Store 506 Broadway
217,4425,3 LUONGO MEMORIAL SQ,PROVIDENCE,Decature Spa,100.0,['cd1976/entry/1976_Page_99 (1)_35.png'],GROCERIES AND MEATS RETAIL CONTD,Decature Spa 3 Luongo Memorial Sq
218,4528,980 RESERVOIR AVE,PROVIDENCE,PROFESSIONAL HAIR CENTRE LTD,100.0,"['cd1976/entry/1976_Page_99 (2)_71.png', 'cd1976/entry/1976_Page_99 (2)_72.png', 'cd1976/entry/1976_Page_99 (2)_73.png']",*HAIR GOODS,"PROFESSIONAL HAIR CENTRE LTD 980 Reservoir Av (Cranston; 02910), Tel 401-943-6111"
219,4550,20 BROWNELL ST,PROVIDENCE,State Veterans Memorial Auditorium,100.0,"['cd1976/entry/1976_Page_99 (3)_6.png', 'cd1976/entry/1976_Page_99 (3)_7.png']",HALLSCONTD,State Veterans Memorial Auditorium 20 Brownell St
220,4554,386 DYER ST,PROVIDENCE,MANCINI J HARDWARE CO,100.0,"['cd1976/entry/1976_Page_99 (3)_15.png', 'cd1976/entry/1976_Page_99 (3)_16.png']",*HARDWARE,"MANCINI J HARDWARE CO 386 Dyer Av (Cranston, 02910) Tel 944-2740"
221,4580,159 BROADWAY ST,PROVIDENCE,ACCU HEAR INC,100.0,"['cd1976/entry/1976_Page_99 (3)_69.png', 'cd1976/entry/1976_Page_99 (3)_70.png']",HEARING AIDS,ACCU HEAR INC 159 Broadway (02903) Tel 421-1630
222,4610,99 HILLSIDE DR,PROVIDENCE,Jewish Home For Aged Of Rhode Island,100.0,"['cd1976/entry/1976_Page_100 (1).chop_43.png', 'cd1976/entry/1976_Page_100 (1).chop_44.png']",HOMES AND SANITARIUMS,Jewish Home For Aged Of Rhode Island 99 Hillside Av
223,4635,1 MOULTON LN,PROVIDENCE,Kent Hotel,100.0,['cd1976/entry/1976_Page_100 (2).chop_34.png'],HOTELS,Kent Hotel 1 Moulton St
224,4639,557 BROADWAY ST,PROVIDENCE,De Carlo Anthony A,100.0,['cd1976/entry/1976_Page_100 (2).chop_42.png'],HOUSE FURNISHINGS RETAIL,De Carlo Anthony A 557 Broadway
225,4646,300 BROADWAY ST,PROVIDENCE,Broadway Appliance Sales & Service Inc,100.0,"['cd1976/entry/1976_Page_100 (2).chop_56.png', 'cd1976/entry/1976_Page_100 (2).chop_57.png']",HOUSEHOLD APPLIANCES DEALERS,Broadway Appliance Sales & Service Inc 300 Broadway
226,4693,455 CAROLINA AVE,PROVIDENCE,Farr & Read Inc,100.0,['cd1976/entry/1976_Page_101 (1)_7.png'],INDUSTRIAL SUPPLIES,Farr & Read Inc 455 Carolina Av
227,4704,354 BROADWAY ST,PROVIDENCE,A & A Insurance,100.0,['cd1976/entry/1976_Page_101 (1)_34.png'],INSURANCE,A & A Insurance 354 Broadway
228,4707,36 KENNEDY PLZ,PROVIDENCE,Adams-Riker Inc,96.0,"['cd1976/entry/1976_Page_101 (1)_39.png', 'cd1976/entry/1976_Page_101 (1)_40.png']",INSURANCE,Adams-Riker Inc 36 Kennedy Plaza Rm 500
229,4731,559 BROADWAY ST,PROVIDENCE,Atwood Insurance Agency Inc,100.0,"['cd1976/entry/1976_Page_101 (2)_2.png', 'cd1976/entry/1976_Page_101 (2)_3.png']",INSURANCECONTD,Atwood Insurance Agency Inc 559 Broadway
230,4746,288 BROADWAY ST,PROVIDENCE,Cece Insurance Agency,100.0,['cd1976/entry/1976_Page_101 (2)_29.png'],INSURANCECONTD,Cece Insurance Agency 288 Broadway
231,4762,100 LAFAYETTE ST,PROVIDENCE,DURANT CONNELLY & GALLAGHER INC,100.0,"['cd1976/entry/1976_Page_101 (2)_68.png', 'cd1976/entry/1976_Page_101 (2)_69.png', 'cd1976/entry/1976_Page_101 (2)_70.png']",INSURANCECONTD,"DURANT CONNELLY & GALLAGHER INC 100 Lafayette St (Pawtucket; 02860), Tel 723-1290"
232,4794,36 KENNEDY PLZ,PROVIDENCE,Kelley E A Co,90.0,"['cd1976/entry/1976_Page_101 (3)_40.png', 'cd1976/entry/1976_Page_101 (3)_41.png']",INSURANCECONTD,Kelley E A Co 36 Kennedy Plaza Rm
233,4813,681 BROADWAY ST,PROVIDENCE,Mazzotta Richd F Ins,100.0,"['cd1976/entry/1976_Page_101 (3)_76.png', 'cd1976/entry/1976_Page_101 (3)_77.png']",INSURANCECONTD,Mazzotta Richd F Ins 681 Broadway
234,4873,100 LAFAYETTE ST,PROVIDENCE,SWARTZ FRANK F & ASSOCIATES INC,100.0,"['cd1976/entry/1976_Page_102 (2)_26.png', 'cd1976/entry/1976_Page_102 (2)_27.png', 'cd1976/entry/1976_Page_102 (2)_28.png', 'cd1976/entry/1976_Page_102 (2)_29.png']",INSURANCECONTD,"SWARTZ FRANK F & ASSOCIATES INC 100 Lafayette St Cor East Av (Pawtucket; 02860), Tel 728-3940 (See Index To Advertisers)"
235,4894,149 HILLSIDE DR,PROVIDENCE,OLeary Frank M,100.0,['cd1976/entry/1976_Page_102 (2)_69.png'],INSURANCE ADJUSTERS,OLeary Frank M 149 Hillside Av
236,4899,32 WESTMINSTER ST,PROVIDENCE,GARRAHAN WILLIAM H & CO INC,89.0,"['cd1976/entry/1976_Page_102 (2)_83.png', 'cd1976/entry/1976_Page_102 (2)_84.png', 'cd1976/entry/1976_Page_102 (2)_85.png']",*INSURANCE AGENTS,"GARRAHAN WILLIAM H & CO INC 32 Westminster St, 2d Fl (02903), Tel 331-8313 (See Index To Advertisers)"
237,4903,687 PARK AVE,PROVIDENCE,PAOLA RAPHAEL INC,100.0,"['cd1976/entry/1976_Page_102 (3)_5.png', 'cd1976/entry/1976_Page_102 (3)_6.png', 'cd1976/entry/1976_Page_102 (3)_7.png']",INSURANCE AGENTSCONTD,"PAOLA RAPHAEL INC 687 Park Av (Cranston, 02910), Tel 781-6960 (See Index To Advertisers)"
238,4907,7500 JOHNSON ST,PROVIDENCE,"ALLENDALE INSURANCE Allendale Park, PO Box",83.0,"['cd1976/entry/1976_Page_102 (3)_22.png', 'cd1976/entry/1976_Page_102 (3)_23.png', 'cd1976/entry/1976_Page_102 (3)_24.png']",*INSURANCE COMPANIES,"ALLENDALE INSURANCE Allendale Park, PO Box 7500 Johnston R I (02919) Tel 275-3000"
239,4908,7500 JOHNSON ST,PROVIDENCE,"ALLENDALE MUTUAL INSURANCE CO Allendale Park, PO Box",83.0,"['cd1976/entry/1976_Page_102 (3)_25.png', 'cd1976/entry/1976_Page_102 (3)_26.png', 'cd1976/entry/1976_Page_102 (3)_27.png']",*INSURANCE COMPANIES,"ALLENDALE MUTUAL INSURANCE CO Allendale Park, PO Box 7500 Johnston R I (02919) Tel 275-3000"
240,4915,288 BROADWAY ST,PROVIDENCE,Standard Service Bureau Ine,100.0,"['cd1976/entry/1976_Page_102 (3)_56.png', 'cd1976/entry/1976_Page_102 (3)_57.png']",INSURANCE INVESTIGATORS,Standard Service Bureau Ine 288 Broadway
241,4916,100 LAFAYETTE ST,PROVIDENCE,SWARTZ FRANK F & ASSOCIATES INC,100.0,"['cd1976/entry/1976_Page_102 (3)_60.png', 'cd1976/entry/1976_Page_102 (3)_61.png', 'cd1976/entry/1976_Page_102 (3)_62.png', 'cd1976/entry/1976_Page_102 (3)_63.png']",*INSURANCEACCIDENT AND HEALTH,"SWARTZ FRANK F & ASSOCIATES INC 100 Lafayette St Cor East Av (Pawtucket; 02860), Tel 728-3940 (See Index To Advertisers)"
242,4918,32 WESTMINSTER ST,PROVIDENCE,GARRAHAN WILLIAM H & CO INC,85.5,"['cd1976/entry/1976_Page_102 (3)_69.png', 'cd1976/entry/1976_Page_102 (3)_70.png', 'cd1976/entry/1976_Page_102 (3)_71.png']",*INSURANCEAUTOMOBILE,"GARRAHAN WILLIAM H & CO INC 32 Westminster St, 2d FI] (02903), Tel 331-8313 (See Index To Advertisers)"
243,4929,725 DEXTER ST,PROVIDENCE,JACKS FABRICS INC,100.0,"['cd1976/entry/1976_Page_103 (1)_20.png', 'cd1976/entry/1976_Page_103 (1)_21.png']",INTERIOR DECORATORS AND DESIGNERS,"JACKS FABRICS INC 725 Dexter St (Central Falls; 02863), Tel 735-2160"
244,4941,36 KENNEDY PLZ,PROVIDENCE,M & S Investigators Inc,96.0,"['cd1976/entry/1976_Page_103 (1)_41.png', 'cd1976/entry/1976_Page_103 (1)_42.png']",INVESTIGATORS,M & S Investigators Inc 36 Kennedy Plaza Rm 400
245,4943,288 BROADWAY ST,PROVIDENCE,Standard Research Inc,100.0,['cd1976/entry/1976_Page_103 (1)_46.png'],INVESTIGATORS,Standard Research Inc 288 Broadway
246,5109,800 WATERMAN ST,PROVIDENCE,"BALLOU B A & CO INC Jewelers Findings,",100.0,"['cd1976/entry/1976_Page_104 (1)_64.png', 'cd1976/entry/1976_Page_104 (1)_65.png', 'cd1976/entry/1976_Page_104 (1)_66.png', 'cd1976/entry/1976_Page_104 (1)_67.png']",JEWELERS SUPPLIES,"BALLOU B A & CO INC Jewelers Findings, 800 Waterman Av (East Providence, 02914), Tel (401) 438-7000 (See Index To Advertisers)"
247,5112,30 OLNEYVILLE SQ,PROVIDENCE,C AC Soldering Inc,100.0,"['cd1976/entry/1976_Page_104 (1)_70.png', 'cd1976/entry/1976_Page_104 (1)_71.png']",JEWELERS SUPPLIES,C AC Soldering Inc 30 Olneyville Sq Rm 8
248,5133,151 BROADWAY ST,PROVIDENCE,Rosenbach C Co Inc,100.0,"['cd1976/entry/1976_Page_104 (2)_8.png', 'cd1976/entry/1976_Page_104 (2)_9.png']",JEWELERS SUPPLIESCONTD,Rosenbach C Co Inc 151 Broadway Rm 27
249,5200,268 BROADWAY ST,PROVIDENCE,Dalton Jewelry,100.0,['cd1976/entry/1976_Page_104 (3)_16.png'],JEWELERSMFGCONTD,Dalton Jewelry 268 Broadway
250,5215,30 OLNEYVILLE SQ,PROVIDENCE,Ed-Cor Stonesetting Co,100.0,"['cd1976/entry/1976_Page_104 (3)_33.png', 'cd1976/entry/1976_Page_104 (3)_34.png']",JEWELERSMFGCONTD,Ed-Cor Stonesetting Co 30 Olneyville Sq Rm 11
251,5231,30 OLNEYVILLE SQ,PROVIDENCE,FRANCIS JEWELRY CO,100.0,"['cd1976/entry/1976_Page_104 (3)_55.png', 'cd1976/entry/1976_Page_104 (3)_56.png']",JEWELERSMFGCONTD,"FRANCIS JEWELRY CO 30 Olneyville Sq, (Rm 5-14), Tel 421-7957"
252,5247,47 CULVER ST,PROVIDENCE,Highland Mfg Inc,100.0,['cd1976/entry/1976_Page_104 (3)_82.png'],JEWELERSMFGCONTD,Highland Mfg Inc 47 Culver St
253,5255,30 OLNEYVILLE SQ,PROVIDENCE,J L Stone Setting,100.0,"['cd1976/entry/1976_Page_104 (3)_92.png', 'cd1976/entry/1976_Page_104 (3)_93.png']",JEWELERSMFGCONTD,J L Stone Setting 30 Olneyville Sq Rm 12
254,5308,58 PENN ST,PROVIDENCE,Mastro Jewelry Co Inc,100.0,['cd1976/entry/1976_Page_105 (1)_68.png'],JEWELERSMFGCONTD,Mastro Jewelry Co Inc 58 Penn St
255,5394,12 DESOTO ST,PROVIDENCE,Ace Polishing Rear,87.0,['cd1976/entry/1976_Page_105 (3)_10.png'],JEWELRY BURNISHERS,Ace Polishing Rear 12 De Soto St
256,5402,12 DESOTO ST,PROVIDENCE,Greco Polishing Co Rear,87.0,"['cd1976/entry/1976_Page_105 (3)_20.png', 'cd1976/entry/1976_Page_105 (3)_21.png']",JEWELRY BURNISHERS,Greco Polishing Co Rear 12 De Soto St
257,5469,381 BROADWAY ST,PROVIDENCE,Ginette Jewelry Co Inc,100.0,['cd1976/entry/1976_Page_106 (1)_22.png'],JEWELRY MFRSCONTD,Ginette Jewelry Co Inc 381 Broadway
258,5482,480 BROADWAY ST,PROVIDENCE,J & J Soldering Co,100.0,['cd1976/entry/1976_Page_106 (1)_42.png'],JEWELRY MFRSCONTD,J & J Soldering Co 480% Broadway
259,5556,679 BROADWAY ST,PROVIDENCE,Di Dom Wholesale Jewelry Inc,100.0,"['cd1976/entry/1976_Page_106 (2)_51.png', 'cd1976/entry/1976_Page_106 (2)_52.png']",JEWELRYWHOLESALE AND IMPORTING,Di Dom Wholesale Jewelry Inc 679 Broadway
260,5561,8 OLNEYVILLE SQ,PROVIDENCE,Kings Wholesale Jewelry Co,100.0,"['cd1976/entry/1976_Page_106 (2)_58.png', 'cd1976/entry/1976_Page_106 (2)_59.png']",JEWELRYWHOLESALE AND IMPORTING,Kings Wholesale Jewelry Co 8 Olneyville Sq
261,5589,432 BROADWAY ST,PROVIDENCE,Kitchen Fashion,100.0,['cd1976/entry/1976_Page_106 (3)_18.png'],KITCHEN CABINETS,Kitchen Fashion 432 Broadway
262,5595,1 RANDALL SQ,PROVIDENCE,Brain Diagnostic Laboratory,83.0,"['cd1976/entry/1976_Page_106 (3)_32.png', 'cd1976/entry/1976_Page_106 (3)_33.png']",LABORATORIES,Brain Diagnostic Laboratory 1 Randall Sq Suite 407
263,5602,1 RANDALL SQ,PROVIDENCE,Health Test Center Inc,83.0,"['cd1976/entry/1976_Page_106 (3)_45.png', 'cd1976/entry/1976_Page_106 (3)_46.png']",LABORATORIES,Health Test Center Inc 1 Randall Sq Suite 102
264,5603,335 BROADWAY ST,PROVIDENCE,Hopkins Medical Laboratory Inc,100.0,"['cd1976/entry/1976_Page_106 (3)_47.png', 'cd1976/entry/1976_Page_106 (3)_48.png']",LABORATORIES,Hopkins Medical Laboratory Inc 335 Broadway
265,5710,354 BROADWAY ST,PROVIDENCE,Baccari Vincent J,100.0,['cd1976/entry/1976_Page_107 (2)_91.png'],LAWYERS,Baccari Vincent J 354 Broadway
266,5736,151 BROADWAY ST,PROVIDENCE,Brunero John S,100.0,['cd1976/entry/1976_Page_107 (3)_66.png'],LAWYERSCONTD,Brunero John S 151 Broadway Rm 23
267,5737,151 BROADWAY ST,PROVIDENCE,Brunero Steph J,100.0,"['cd1976/entry/1976_Page_107 (3)_67.png', 'cd1976/entry/1976_Page_107 (3)_68.png']",LAWYERSCONTD,Brunero Steph J 151 Broadway Rm 23
268,5761,433 BROADWAY ST,PROVIDENCE,Cianciarulo Angelo,100.0,['cd1976/entry/1976_Page_108 (1)_32.png'],LAWYERSCONTD,Cianciarulo Angelo 433 Broadway
269,5816,681 BROADWAY ST,PROVIDENCE,Folcarelli Giovanni,92.0,"['cd1976/entry/1976_Page_108 (2)_87.png', 'cd1976/entry/1976_Page_108 (2)_88.png']",LAWYERSCONTD,Folcarelli Giovanni 681 Broadway Rm
270,5818,32 WESTMINSTER ST,PROVIDENCE,Friedman Edw I,100.0,"['cd1976/entry/1976_Page_108 (2)_91.png', 'cd1976/entry/1976_Page_108 (2)_92.png']",LAWYERSCONTD,Friedman Edw I 32 Westminster St Rm 600
271,5831,36 KENNEDY PLZ,PROVIDENCE,Goldberg & Goldberg,96.0,"['cd1976/entry/1976_Page_108 (3)_30.png', 'cd1976/entry/1976_Page_108 (3)_31.png']",LAWYERSCONTD,Goldberg & Goldberg 36 Kennedy Plaza Rm 514
272,5839,215 BROADWAY ST,PROVIDENCE,Grilli Di Maio & Cipriano,100.0,"['cd1976/entry/1976_Page_108 (3)_49.png', 'cd1976/entry/1976_Page_108 (3)_50.png']",LAWYERSCONTD,Grilli Di Maio & Cipriano 215 Broadway
273,5853,32 WESTMINSTER ST,PROVIDENCE,Hogan & Hogan,100.0,"['cd1976/entry/1976_Page_108 (3)_90.png', 'cd1976/entry/1976_Page_108 (3)_91.png']",LAWYERSCONTD,Hogan & Hogan 32 Westminster St Rm 500
274,5914,2200 INDUSTRIAL DR,PROVIDENCE,"Mc Millen Nancy H Associate Hinckley, Allen Salisbury & Parsons",83.5,"['cd1976/entry/1976_Page_109 (2)_64.png', 'cd1976/entry/1976_Page_109 (2)_65.png', 'cd1976/entry/1976_Page_109 (2)_66.png']",LAWYERSCONTD,"Mc Millen Nancy H Associate Hinckley, Allen Salisbury & Parsons 2200 Industrial Bank Bidg (02903), Tel 274-2000"
275,5923,414 BROADWAY ST,PROVIDENCE,Monaco Armando,100.0,['cd1976/entry/1976_Page_109 (2)_81.png'],LAWYERSCONTD,Monaco Armando 414 Broadway
276,5941,32 WESTMINSTER ST,PROVIDENCE,Nugent J Joseph,100.0,"['cd1976/entry/1976_Page_109 (3)_20.png', 'cd1976/entry/1976_Page_109 (3)_21.png']",LAWYERSCONTD,Nugent J Joseph 32 Westminster St Rm 600
277,5942,32 WESTMINSTER ST,PROVIDENCE,Nugent J Joseph Jr,100.0,"['cd1976/entry/1976_Page_109 (3)_22.png', 'cd1976/entry/1976_Page_109 (3)_23.png']",LAWYERSCONTD,Nugent J Joseph Jr 32 Westminster St Rm 600
278,5946,936 SMITHFIELD AVE,PROVIDENCE,Oster Espo Fay & Groff,100.0,"['cd1976/entry/1976_Page_109 (3)_30.png', 'cd1976/entry/1976_Page_109 (3)_31.png']",LAWYERSCONTD,"Oster Espo Fay & Groff 936 Smithfield Av (Lincoln, R I; 02865), Tel 724-2400"
279,5950,414 BROADWAY ST,PROVIDENCE,Paterra John Jd II,100.0,"['cd1976/entry/1976_Page_109 (3)_40.png', 'cd1976/entry/1976_Page_109 (3)_41.png', 'cd1976/entry/1976_Page_109 (3)_42.png', 'cd1976/entry/1976_Page_109 (3)_43.png']",LAWYERSCONTD,Paterra John Jd II 414 Broadway (02909) Telephone 331-4483
280,6056,36 KENNEDY PLZ,PROVIDENCE,Baker Wm F Co Inc,96.0,"['cd1976/entry/1976_Page_110 (2)_97.png', 'cd1976/entry/1976_Page_110 (2)_98.png']",LETTER SHOPS,Baker Wm F Co Inc 36 Kennedy Plaza
281,6062,283 COUNTY ST,PROVIDENCE,BARRINGTON PUBLIC LIBRARY,100.0,"['cd1976/entry/1976_Page_110 (3)_12.png', 'cd1976/entry/1976_Page_110 (3)_13.png', 'cd1976/entry/1976_Page_110 (3)_14.png']",LIBRARIES,"BARRINGTON PUBLIC LIBRARY 283 County Rd (Barrington, R I 02806) Tel 245-3106"
282,6064, BROWN ST,PROVIDENCE,Brown John Carter Americana Library,100.0,"['cd1976/entry/1976_Page_110 (3)_17.png', 'cd1976/entry/1976_Page_110 (3)_18.png']",LIBRARIES,Brown John Carter Americana Library Brown St
283,6074,12 OLNEYVILLE SQ,PROVIDENCE,Providence Public Library (Olneyville Branch),100.0,"['cd1976/entry/1976_Page_110 (3)_35.png', 'cd1976/entry/1976_Page_110 (3)_36.png']",LIBRARIES,Providence Public Library (Olneyville Branch) 12 Olneyville Sq
284,6082,400 EAST ST,PROVIDENCE,RHODE ISLAND JUNIOR COLLEGE LIBRARY,100.0,"['cd1976/entry/1976_Page_110 (3)_51.png', 'cd1976/entry/1976_Page_110 (3)_52.png', 'cd1976/entry/1976_Page_110 (3)_53.png']",LIBRARIES,RHODE ISLAND JUNIOR COLLEGE LIBRARY 400 East Av (Warwick 02886) Tel 825-2218
285,6092,1 WAYLAND SQ,PROVIDENCE,Robinson Mrs,100.0,['cd1976/entry/1976_Page_111 (1)_6.png'],LINENSRETAIL,Robinson Mrs 1 Wayland Sq
286,6122,361 BROADWAY ST,PROVIDENCE,Knights Liquor Store Inc,100.0,"['cd1976/entry/1976_Page_111 (1)_49.png', 'cd1976/entry/1976_Page_111 (1)_50.png']",LIQUOR AND WINES RETAIL,Knights Liquor Store Inc 361 Broadway
287,6172,1030 PARK AVE,PROVIDENCE,"RI 02809),",100.0,['cd1976/entry/1976_Page_111 (2)_51.png'],*LOANSBUSINESS,"RI 02809), 1030 Park Av (Cranston,"
288,6173,555 MARVIN ST,PROVIDENCE,"RI 02910),",84.0,['cd1976/entry/1976_Page_111 (2)_52.png'],*LOANSBUSINESS,"RI 02910), 555 Main St (East"
289,6174,1859 PAWTUXET AV,PROVIDENCE,"),",82.0,['cd1976/entry/1976_Page_111 (2)_53.png'],*LOANSBUSINESS,"Greenwich RI 02818), 1859 Pawtucket"
290,6176,117 MARVIN ST,PROVIDENCE,"02893),",84.0,['cd1976/entry/1976_Page_111 (2)_67.png'],*LOANSBUSINESS,"02893), 117 Main St (Woonsocket, RI"
291,6181,1270 CRANSTON ST,PROVIDENCE,COLONIAL LOAN CO INC,100.0,"['cd1976/entry/1976_Page_111 (2)_76.png', 'cd1976/entry/1976_Page_111 (2)_77.png', 'cd1976/entry/1976_Page_111 (2)_78.png']",LOANSCOLLATERAL,"COLONIAL LOAN CO INC 1270 Cranston St (Cranston; 02920), Tel 942-7200"
292,6195,1030 PARK AVE,PROVIDENCE,"RI 02809),",100.0,['cd1976/entry/1976_Page_111 (3)_63.png'],*LOANSPERSONAL,"RI 02809), 1030 Park Av (Cranston,"
293,6196,555 MARVIN ST,PROVIDENCE,"RI 02910),",84.0,['cd1976/entry/1976_Page_111 (3)_64.png'],*LOANSPERSONAL,"RI 02910), 555 Main St (East"
294,6197,1859 PAWTUXET AV,PROVIDENCE,"),",82.0,['cd1976/entry/1976_Page_111 (3)_65.png'],*LOANSPERSONAL,"Greenwich RI 02818), 1859 Pawtucket"
295,6199,117 MARVIN ST,PROVIDENCE,"02893),",84.0,['cd1976/entry/1976_Page_111 (3)_79.png'],*LOANSPERSONAL,"02893), 117 Main St (Woonsocket, RI"
296,6207,30 OLNEYVILLE SQ,PROVIDENCE,J & R Feinstein Inc,96.0,['cd1976/entry/1976_Page_112 (1)_9.png'],LUGGAGEDEALERS AND REPAIRERS,J & R Feinstein Inc 30 Olneyville Sa
297,6208,151 BROADWAY ST,PROVIDENCE,Trina Inc,100.0,['cd1976/entry/1976_Page_112 (1)_10.png'],LUGGAGEDEALERS AND REPAIRERS,Trina Inc 151 Broadway Rm 20
298,6246,11 CULVER ST,PROVIDENCE,L D R Tool Co Inc,100.0,['cd1976/entry/1976_Page_112 (1)_84.png'],MACHINISTS,L D R Tool Co Inc 11 Culver St
299,6250,13806 BROAD ST,PROVIDENCE,Northeastern Cutter Co,100.0,['cd1976/entry/1976_Page_112 (2)_8.png'],MACHINISTSCONTD,Northeastern Cutter Co 13806 Broad St
300,6255,66 PENN ST,PROVIDENCE,A & C Machine Co,100.0,['cd1976/entry/1976_Page_112 (2)_16.png'],MACHINISTS SUPPLIES AND TOOLS,A & C Machine Co 66 Penn St
301,6370,116 CALVERLY ST,PROVIDENCE,Hanson Tool & Supply Co Inc,95.0,"['cd1976/entry/1976_Page_113 (2)_5.png', 'cd1976/entry/1976_Page_113 (2)_6.png']",MILL SUPPLIES,Hanson Tool & Supply Co Inc 116 Calverley St
302,6395,1030 PARK AVE,PROVIDENCE,"RI 02809),",100.0,"['cd1976/entry/1976_Page_113 (2)_82.png', 'cd1976/entry/1976_Page_113 (2)_83.png']",*MORTGAGE LOANS,"RI 02809), 1030 Park Av (Cranston, RI 02910), 555 Main St (East"
303,6396,401 KINGSTON AVE,PROVIDENCE,"Greenwich RI 02818), 1859 Pawtucket Av (East Providence, RI 02914), 1450 Hartford Av (Johnston, RI 02919), 22 Washington Sq (Newport, RI 02840) 99 William St (Newport 02840) Park Sq-Rte 146 (North Smithfield) 65 Goff Av (Pawtucket, RI 02860)",94.0,"['cd1976/entry/1976_Page_113 (3)_3.png', 'cd1976/entry/1976_Page_113 (3)_4.png', 'cd1976/entry/1976_Page_113 (3)_5.png', 'cd1976/entry/1976_Page_113 (3)_6.png', 'cd1976/entry/1976_Page_113 (3)_7.png', 'cd1976/entry/1976_Page_113 (3)_8.png', 'cd1976/entry/1976_Page_113 (3)_9.png', 'cd1976/entry/1976_Page_113 (3)_10.png']",MORTGAGE LOANSCONTD OLD STONE BANKCONTD,"Greenwich RI 02818), 1859 Pawtucket Av (East Providence, RI 02914), 1450 Hartford Av (Johnston, RI 02919), 22 Washington Sq (Newport, RI 02840) 99 William St (Newport 02840) Park Sq-Rte 146 (North Smithfield) 65 Goff Av (Pawtucket, RI 02860) 401 Kingstown Rd (Wakefield, RI 02879),"
304,6398,117 MARVIN ST,PROVIDENCE,"02893),",84.0,"['cd1976/entry/1976_Page_113 (3)_17.png', 'cd1976/entry/1976_Page_113 (3)_18.png']",MORTGAGE LOANSCONTD OLD STONE BANKCONTD,"02893), 117 Main St (Woonsocket, RI 02895) (See Index To Advertisers)"
305,6412,923 CRANSTON ST,PROVIDENCE,ASSOCIATED NORTH AMERICAN VAN LINES,100.0,"['cd1976/entry/1976_Page_113 (3)_61.png', 'cd1976/entry/1976_Page_113 (3)_62.png', 'cd1976/entry/1976_Page_113 (3)_63.png']",*MOVINGLOCAL AND LONG DISTANCE,"ASSOCIATED NORTH AMERICAN VAN LINES 923 Cranston St (Cranston; 02920), Tel 401-943-3200"
306,6413,1564 WARWICK AVE,PROVIDENCE,SCOTTI MUFFLER CENTER,100.0,"['cd1976/entry/1976_Page_113 (3)_66.png', 'cd1976/entry/1976_Page_113 (3)_67.png', 'cd1976/entry/1976_Page_113 (3)_68.png']",MUFFLERS AND EXHAUST | SYSTEMS,"SCOTTI MUFFLER CENTER 1564 Warwick Av (Warwick; 02889), Tel 739-5200"
307,6419,278 MILLER AVE,PROVIDENCE,Roger Williams Park Museum,100.0,"['cd1976/entry/1976_Page_114 (1)_5.png', 'cd1976/entry/1976_Page_114 (1)_6.png']",MUSEUMSCONTD RHODE ISLAND SCHOOL OF DESIGN,Roger Williams Park Museum 278 Miller Av
308,6425,45 OLNEYVILLE SQ,PROVIDENCE,Le Ber Music Store,96.0,['cd1976/entry/1976_Page_114 (1)_17.png'],MUSIC AND MUSICAL INSTRUMENT DEALERS,Le Ber Music Store 45 Olneyville Sa
309,6499,1386 SUMMER ST,PROVIDENCE,Far East Noodle Co,100.0,['cd1976/entry/1976_Page_114 (2)_54.png'],NOODLE MFRS,Far East Noodle Co 1386 Summer St
310,6510,38 OLNEYVILLE SQ,PROVIDENCE,Junction (Meeting Rm),93.0,"['cd1976/entry/1976_Page_114 (2)_73.png', 'cd1976/entry/1976_Page_114 (2)_74.png']",NOVELTIESRETAIL,Junction (Meeting Rm) 38 Olneyville
311,6513,669 BROADWAY ST,PROVIDENCE,Olneyville Import Corp,100.0,['cd1976/entry/1976_Page_114 (2)_78.png'],NOVELTIESRETAIL,Olneyville Import Corp 669 Broadway
312,6539,15 JEFFERSON ST,PROVIDENCE,Mc Elroy Anna,100.0,['cd1976/entry/1976_Page_114 (3)_28.png'],NURSES,Mc Elroy Anna 15 Jefferson St Apt 4
313,6556,15 CHERRY ST,PROVIDENCE,Price Nursing Home Inc,100.0,['cd1976/entry/1976_Page_114 (3)_57.png'],NURSING HOMES,Price Nursing Home Inc 15 Cherry St
314,6562,106 BOYD ST,PROVIDENCE,PROVIDENCE PAPER CO,100.0,"['cd1976/entry/1976_Page_114 (3)_70.png', 'cd1976/entry/1976_Page_114 (3)_71.png', 'cd1976/entry/1976_Page_114 (3)_72.png']",*OFFICE EQUIPMENT,"PROVIDENCE PAPER CO 106 Boyd Av (East Providence 02914), Tel 438-7300 (See Index To Advertisers)"
315,6591,1015 BROADWAY ST,PROVIDENCE,EAST PROVIDENCE FUEL OIL CO INC,86.0,"['cd1976/entry/1976_Page_115 (1)_56.png', 'cd1976/entry/1976_Page_115 (1)_57.png', 'cd1976/entry/1976_Page_115 (1)_58.png']",OIL BURNERSSALES AND SERVICE,"EAST PROVIDENCE FUEL OIL CO INC 1015 S Broadway (East Providence; 02914), Tel 434-1160,"
316,6593,1 TOWER ST,PROVIDENCE,Industrial Burner Service,92.0,"['cd1976/entry/1976_Page_115 (1)_60.png', 'cd1976/entry/1976_Page_115 (1)_61.png']",OIL BURNERSSALES AND SERVICE,Industrial Burner Service 1 Towner St
317,6657,236 BROADWAY ST,PROVIDENCE,Contillo Raymond J,100.0,['cd1976/entry/1976_Page_115 (2)_80.png'],OPTOMETRISTS,Contillo Raymond J 236 Broadway
318,6659,354 BROADWAY ST,PROVIDENCE,De Cesare Paul A,100.0,['cd1976/entry/1976_Page_115 (2)_83.png'],OPTOMETRISTS,De Cesare Paul A 354 Broadway
319,6660,354 BROADWAY ST,PROVIDENCE,De Cesare Roland H,100.0,['cd1976/entry/1976_Page_115 (2)_84.png'],OPTOMETRISTS,De Cesare Roland H 354 Broadway
320,6665,49 OLNEYVILLE SQ,PROVIDENCE,Greenberg Allen G,100.0,['cd1976/entry/1976_Page_115 (2)_91.png'],OPTOMETRISTS,Greenberg Allen G 49 Olneyville Sq
321,6678,22 OLNEYVILLE SQ,PROVIDENCE,Simmler Conrad C,100.0,['cd1976/entry/1976_Page_115 (3)_16.png'],OPTOMETRISTSCONTD,Simmler Conrad C 22 Olneyville Sq
322,6686,60 BROADWAY ST,PROVIDENCE,STUART RALPH MUSIC INC The Regency,100.0,"['cd1976/entry/1976_Page_115 (3)_27.png', 'cd1976/entry/1976_Page_115 (3)_28.png', 'cd1976/entry/1976_Page_115 (3)_29.png']",*ORCHESTRAS,"STUART RALPH MUSIC INC The Regency 60 Broadway (02903), Tel 274-4420 (See Index To Advertisers)"
323,6707,289 BROADWAY ST,PROVIDENCE,Aurora Civic Association,100.0,"['cd1976/entry/1976_Page_115 (3)_77.png', 'cd1976/entry/1976_Page_115 (3)_78.png']","ORGANIZATIONSBUSINESS, CIVIC AND PROFESSIONAL",Aurora Civic Association 289 Broadway
324,6717,1 RANDALL SQ,PROVIDENCE,Diet Counseling Service,83.0,"['cd1976/entry/1976_Page_115 (3)_97.png', 'cd1976/entry/1976_Page_115 (3)_98.png']","ORGANIZATIONSBUSINESS, CIVIC AND PROFESSIONAL",Diet Counseling Service 1 Randall Sq Suite 308
325,6723,12 NORTH HOWARD AVE,PROVIDENCE,Greater Providence Community Foundation Inc,81.0,"['cd1976/entry/1976_Page_116 (1)_13.png', 'cd1976/entry/1976_Page_116 (1)_14.png', 'cd1976/entry/1976_Page_116 (1)_15.png']","ORGANIZATIONSBUSINESS, CIVIC AND PROFESSIONALCONTD",Greater Providence Community Foundation Inc 12th Fl. Howard Bldg
326,6762,365 BROADWAY ST,PROVIDENCE,Rhode Island State Consumers Council,100.0,"['cd1976/entry/1976_Page_116 (2)_12.png', 'cd1976/entry/1976_Page_116 (2)_13.png']","ORGANIZATIONSBUSINESS, CIVIC AND PROFESSIONALCONTD",Rhode Island State Consumers Council 365 Broadway
327,6808,198 BROADWAY ST,PROVIDENCE,Providence Federation Of Musicians Local,81.0,"['cd1976/entry/1976_Page_116 (3)_29.png', 'cd1976/entry/1976_Page_116 (3)_30.png']",ORGANIZATIONSLABORCONTD,Providence Federation Of Musicians Local 198 A F M 179 Broadway
328,6824,36 OLNEYVILLE SQ,PROVIDENCE,United Textile Workers Of Am A F LC I O,100.0,"['cd1976/entry/1976_Page_116 (3)_67.png', 'cd1976/entry/1976_Page_116 (3)_68.png']",INTERNATIONAL ASSOC LOCAL 17,United Textile Workers Of Am A F LC I O 36 Olneyville Sq Rm 3
329,6838,426 BROADWAY ST,PROVIDENCE,Providence Drug Prevention & Intervention Center,100.0,"['cd1976/entry/1976_Page_117 (2)_3.png', 'cd1976/entry/1976_Page_117 (2)_4.png']",ORGANIZATIONS MISCELLANEOUS CONTD,Providence Drug Prevention & Intervention Center 426 Broadway
330,6939,125 CHARLES ST,PROVIDENCE,Girl Scouts Of Rhode Island Inc,100.0,"['cd1976/entry/1976_Page_118 (1)_38.png', 'cd1976/entry/1976_Page_118 (1)_39.png']",ORGANIZATIONSYOUTH,Girl Scouts Of Rhode Island Inc 125 Charles St
331,6942,205 BROADWAY ST,PROVIDENCE,Orthopedic Appliance And Brace Center,100.0,"['cd1976/entry/1976_Page_118 (1)_45.png', 'cd1976/entry/1976_Page_118 (1)_46.png']",ORTHOPEDIC APPLIANCES,Orthopedic Appliance And Brace Center 205 Broadway
332,6966,106 BOYD ST,PROVIDENCE,PROVIDENCE PAPER CO,100.0,"['cd1976/entry/1976_Page_118 (2)_22.png', 'cd1976/entry/1976_Page_118 (2)_23.png', 'cd1976/entry/1976_Page_118 (2)_24.png']",PAPER DEALERS,"PROVIDENCE PAPER CO 106 Boyd Av (East Providence 02914), Tel 438-7300 (See Index To Advertisers)"
333,6969,106 BOYD ST,PROVIDENCE,PROVIDENCE PAPER CO,100.0,"['cd1976/entry/1976_Page_118 (2)_28.png', 'cd1976/entry/1976_Page_118 (2)_29.png', 'cd1976/entry/1976_Page_118 (2)_30.png']",*PAPER DEALERSPRINT,"PROVIDENCE PAPER CO 106 Boyd Av (East Providence; 02914), Tel 438-7300 (See Index To Advertisers)"
334,6976,35 PATERSON ST,PROVIDENCE,Blackstone Park,100.0,['cd1976/entry/1976_Page_118 (2)_46.png'],PARKS AND PLAYGROUNDS,Blackstone Park 35 Paterson St
335,6986,800 BLACKSTONE BLVD,PROVIDENCE,Farnum-Lippitt Memorial Park,100.0,"['cd1976/entry/1976_Page_118 (2)_61.png', 'cd1976/entry/1976_Page_118 (2)_62.png']",PARKS AND PLAYGROUNDS,Farnum-Lippitt Memorial Park 800 Blackstone Blvd
336,6987,100 EAST TRANSIT ST,PROVIDENCE,Fox Point Memorial Veterans Park,100.0,"['cd1976/entry/1976_Page_118 (2)_63.png', 'cd1976/entry/1976_Page_118 (2)_64.png']",PARKS AND PLAYGROUNDS,Fox Point Memorial Veterans Park 100 E Transit St
337,6988,100 FREMONT ST,PROVIDENCE,Fox Point Veterans Memorial Field,100.0,"['cd1976/entry/1976_Page_118 (2)_65.png', 'cd1976/entry/1976_Page_118 (2)_66.png']",PARKS AND PLAYGROUNDS,Fox Point Veterans Memorial Field 100 Fremont St
338,7020,466 FORBES ST,PROVIDENCE,AHERN CORP,100.0,"['cd1976/entry/1976_Page_118 (3)_47.png', 'cd1976/entry/1976_Page_118 (3)_48.png']",*PAVERS SUPPLIES,"AHERN CORP 466 Forbes St (East Providence; 02915), Tel 437-1200"
339,7031,19 OLNEYVILLE SQ,PROVIDENCE,Armory Pharmacy,100.0,['cd1976/entry/1976_Page_118 (3)_72.png'],PHARMACIES,Armory Pharmacy 19 Olneyville Sq
340,7032,1 RANDALL SQ,PROVIDENCE,Moshassucket Prescription & Surgical Center Inc,83.0,"['cd1976/entry/1976_Page_118 (3)_73.png', 'cd1976/entry/1976_Page_118 (3)_74.png']",PHARMACIES,Moshassucket Prescription & Surgical Center Inc 1 Randall Sq Suite 103
341,7100,1 RANDALL SQ,PROVIDENCE,Arif Mohammad,83.0,"['cd1976/entry/1976_Page_119 (2)_24.png', 'cd1976/entry/1976_Page_119 (2)_25.png']",PHYSICIANS AND SURGEONSM.D.,Arif Mohammad 1 Randall Sq Suite 305
342,7125,409 BROADWAY ST,PROVIDENCE,Berrillo Anacleto,100.0,['cd1976/entry/1976_Page_119 (2)_55.png'],PHYSICIANS AND SURGEONSM.D.,Berrillo Anacleto 409 Broadway
343,7137,171 BROADWAY ST,PROVIDENCE,Calenda Alex,100.0,['cd1976/entry/1976_Page_119 (2)_70.png'],PHYSICIANS AND SURGEONSM.D.,Calenda Alex 171 Broadway
344,7138,171 BROADWAY ST,PROVIDENCE,Calenda Danl G,100.0,['cd1976/entry/1976_Page_119 (2)_71.png'],PHYSICIANS AND SURGEONSM.D.,Calenda Danl G 171 Broadway
345,7141,358 BROADWAY ST,PROVIDENCE,Cardillo Edw,100.0,['cd1976/entry/1976_Page_119 (2)_75.png'],PHYSICIANS AND SURGEONSM.D.,Cardillo Edw 358 Broadway
346,7142,1 RANDALL SQ,PROVIDENCE,Cardiovascular & Thoracic Associates Inc,83.0,"['cd1976/entry/1976_Page_119 (2)_76.png', 'cd1976/entry/1976_Page_119 (2)_77.png']",PHYSICIANS AND SURGEONSM.D.,Cardiovascular & Thoracic Associates Inc 1 Randall Sq Suite 408
347,7161,1 RANDALL SQ,PROVIDENCE,Conklin Frances P,83.0,"['cd1976/entry/1976_Page_119 (3)_15.png', 'cd1976/entry/1976_Page_119 (3)_16.png']",PHYSICIANS AND SURGEONSM.D. CONTD,Conklin Frances P 1 Randall Sq Suite 101
348,7167,408 BROADWAY ST,PROVIDENCE,Coppolino Dominic L,100.0,['cd1976/entry/1976_Page_119 (3)_24.png'],PHYSICIANS AND SURGEONSM.D. CONTD,Coppolino Dominic L 408 Broadway
349,7169,194 BROADWAY ST,PROVIDENCE,Corcione Mary B Mrs,100.0,['cd1976/entry/1976_Page_119 (3)_26.png'],PHYSICIANS AND SURGEONSM.D. CONTD,Corcione Mary B Mrs 194 Broadway
350,7170,331 BROADWAY ST,PROVIDENCE,Corsello Joseph N,100.0,['cd1976/entry/1976_Page_119 (3)_27.png'],PHYSICIANS AND SURGEONSM.D. CONTD,Corsello Joseph N 331 Broadway
351,7180,1 RANDALL SQ,PROVIDENCE,Curran Robt L,83.0,"['cd1976/entry/1976_Page_119 (3)_41.png', 'cd1976/entry/1976_Page_119 (3)_42.png']",PHYSICIANS AND SURGEONSM.D. CONTD,Curran Robt L 1 Randall Sq Suite 310
352,7186,410 BROADWAY ST,PROVIDENCE,De Fusco Bruno G,100.0,['cd1976/entry/1976_Page_119 (3)_48.png'],PHYSICIANS AND SURGEONSM.D. CONTD,De Fusco Bruno G 410 Broadway
353,7191,1 RANDALL SQ,PROVIDENCE,Diabetes & Endocrinology Associates Inc,83.0,"['cd1976/entry/1976_Page_119 (3)_54.png', 'cd1976/entry/1976_Page_119 (3)_55.png']",PHYSICIANS AND SURGEONSM.D. CONTD,Diabetes & Endocrinology Associates Inc 1 Randall Sq Suite 402
354,7193,223 BROADWAY ST,PROVIDENCE,Di Leone Ralph L,100.0,['cd1976/entry/1976_Page_119 (3)_57.png'],PHYSICIANS AND SURGEONSM.D. CONTD,Di Leone Ralph L 223 Broadway
355,7197,358 BROADWAY ST,PROVIDENCE,Di Zoglio Joseph D,100.0,['cd1976/entry/1976_Page_119 (3)_61.png'],PHYSICIANS AND SURGEONSM.D. CONTD,Di Zoglio Joseph D 358 Broadway
356,7213,1 RANDALL SQ,PROVIDENCE,Falcao Manoel A,83.0,"['cd1976/entry/1976_Page_119 (3)_82.png', 'cd1976/entry/1976_Page_119 (3)_83.png']",PHYSICIANS AND SURGEONSM.D. CONTD,Falcao Manoel A 1 Randall Sq Suite 204
357,7215,547 BROADWAY ST,PROVIDENCE,Family Medicine Associates Inc,100.0,"['cd1976/entry/1976_Page_119 (3)_85.png', 'cd1976/entry/1976_Page_119 (3)_86.png']",PHYSICIANS AND SURGEONSM.D. CONTD,Family Medicine Associates Inc 547 Broadway
358,7218,1 RANDALL SQ,PROVIDENCE,Feldman Martin P,83.0,"['cd1976/entry/1976_Page_119 (3)_89.png', 'cd1976/entry/1976_Page_119 (3)_90.png']",PHYSICIANS AND SURGEONSM.D. CONTD,Feldman Martin P 1 Randall Sq Suite 414
359,7249,529 BROADWAY ST,PROVIDENCE,Maiello Robt,100.0,['cd1976/entry/1976_Page_120 (2)_40.png'],PHYSICIANS AND SURGEONSM.D. CONTD,Maiello Robt 529 Broadway
360,7259,347 BROADWAY ST,PROVIDENCE,Mastrostefano Pasquale,100.0,['cd1976/entry/1976_Page_120 (2)_51.png'],PHYSICIANS AND SURGEONSM.D. CONTD,Mastrostefano Pasquale 347 Broadway
361,7274,1 RANDALL SQ,PROVIDENCE,Medical Specialists Inc,100.0,"['cd1976/entry/1976_Page_120 (2)_75.png', 'cd1976/entry/1976_Page_120 (2)_76.png']",PHYSICIANS AND SURGEONSM.D. CONTD,Medical Specialists Inc 1 Randall Sq Rm 306
362,7316,1 RANDALL SQ,PROVIDENCE,Providence Neurosurgical Group Ltd The,83.5,"['cd1976/entry/1976_Page_120 (3)_36.png', 'cd1976/entry/1976_Page_120 (3)_37.png']",CONTD,Providence Neurosurgical Group Ltd The 1 Randall Sq Suite 203
363,7324,462 BROADWAY ST,PROVIDENCE,Recchia Richd O,100.0,['cd1976/entry/1976_Page_120 (3)_50.png'],CONTD,Recchia Richd O 462 Broadway
364,7327,1 RANDALL SQ,PROVIDENCE,Rhode Island Plastic Surgeons Inc,83.0,"['cd1976/entry/1976_Page_120 (3)_53.png', 'cd1976/entry/1976_Page_120 (3)_54.png']",CONTD,Rhode Island Plastic Surgeons Inc 1 Randall Sq Suite 401
365,7329,1 RANDALL SQ,PROVIDENCE,St Richardson Roger,88.0,['cd1976/entry/1976_Page_120 (3)_56.png'],CONTD,"St
Richardson Roger 1 Randall Sq Suite"
366,7337,201 BROADWAY ST,PROVIDENCE,Rossignoli Vincent P,100.0,['cd1976/entry/1976_Page_120 (3)_66.png'],CONTD,Rossignoli Vincent P 201 Broadway
367,7345,1 RANDALL SQ,PROVIDENCE,Saltzman Abr,83.0,['cd1976/entry/1976_Page_120 (3)_77.png'],CONTD,"222
Saltzman Abr 1 Randall Sq Suite 307"
368,7357,1 RANDALL SQ,PROVIDENCE,Selverstone Bertram,83.0,"['cd1976/entry/1976_Page_121 (1)_12.png', 'cd1976/entry/1976_Page_121 (1)_13.png']",PHYSICIANS AND SURGEONSM.D. CONTD,Selverstone Bertram 1 Randall Sq Suite 201
369,7362,1 RANDALL SQ,PROVIDENCE,Shammas Elia M D Inc,83.5,"['cd1976/entry/1976_Page_121 (1)_19.png', 'cd1976/entry/1976_Page_121 (1)_20.png']",PHYSICIANS AND SURGEONSM.D. CONTD,Shammas Elia M D Inc 1 Randall Sq Suite 302
370,7386,1 RANDALL SQ,PROVIDENCE,Surgeons Inc,83.0,['cd1976/entry/1976_Page_121 (1)_50.png'],PHYSICIANS AND SURGEONSM.D. CONTD,Surgeons Inc 1 Randall Sq Suite 202
371,7399,1 RANDALL SQ,PROVIDENCE,Triedman M Howard,83.0,"['cd1976/entry/1976_Page_121 (1)_65.png', 'cd1976/entry/1976_Page_121 (1)_66.png']",PHYSICIANS AND SURGEONSM.D. CONTD,Triedman M Howard 1 Randall Sq Suite 207
372,7400,1 RANDALL SQ,PROVIDENCE,Triedman Ruth E Mrs,83.0,"['cd1976/entry/1976_Page_121 (1)_67.png', 'cd1976/entry/1976_Page_121 (1)_68.png']",PHYSICIANS AND SURGEONSM.D. CONTD,Triedman Ruth E Mrs 1 Randall Sq Suite 207
373,7401,380 BROADWAY ST,PROVIDENCE,Troppoli Dan] V,100.0,['cd1976/entry/1976_Page_121 (1)_69.png'],PHYSICIANS AND SURGEONSM.D. CONTD,Troppoli Dan] V 380 Broadway
374,7405,1 RANDALL SQ,PROVIDENCE,Urbaniak Henry S Jr M D Inc,83.0,"['cd1976/entry/1976_Page_121 (1)_74.png', 'cd1976/entry/1976_Page_121 (1)_75.png']",PHYSICIANS AND SURGEONSM.D. CONTD,Urbaniak Henry S Jr M D Inc 1 Randall Sq Suite 208
375,7409,185 BROADWAY ST,PROVIDENCE,Verrone Anthony C,100.0,['cd1976/entry/1976_Page_121 (1)_80.png'],PHYSICIANS AND SURGEONSM.D. CONTD,Verrone Anthony C 185 Broadway
376,7513,441 BROADWAY ST,PROVIDENCE,Calise Gaetano,100.0,['cd1976/entry/1976_Page_122 (2)_20.png'],PODIATRISTS,Calise Gaetano 441 Broadway
377,7515,227 BROADWAY ST,PROVIDENCE,De Cesare Thos J,100.0,['cd1976/entry/1976_Page_122 (2)_23.png'],PODIATRISTS,De Cesare Thos J 227 Broadway
378,7516,49 OLNEYVILLE SQ,PROVIDENCE,Greenberg Melvin,100.0,['cd1976/entry/1976_Page_122 (2)_24.png'],PODIATRISTS,Greenberg Melvin 49 Olneyville Sq
379,7543,117 BROADWAY ST,PROVIDENCE,ACORN PRINTING CO INC,90.0,"['cd1976/entry/1976_Page_122 (3)_2.png', 'cd1976/entry/1976_Page_122 (3)_3.png', 'cd1976/entry/1976_Page_122 (3)_4.png']",*PRINTERS,"ACORN PRINTING CO INC 117-121 Broadway (02903) Tel 421-0718, 421- 0043 (See Index To Advertisers)"
380,7549,20 DORR ST,PROVIDENCE,Crest Rubber Co,100.0,['cd1976/entry/1976_Page_122 (3)_22.png'],PRINTERS ROLLERSMFRS,Crest Rubber Co 20 Dorr St
381,7554,121 BROADWAY ST,PROVIDENCE,Acorn Printing Co Inc,100.0,['cd1976/entry/1976_Page_122 (3)_34.png'],PRINTERSBOOK AND COMMERCIAL,Acorn Printing Co Inc 121 Broadway
382,7578,32 WESTMINSTER ST,PROVIDENCE,Goldman Printing Co,100.0,"['cd1976/entry/1976_Page_122 (3)_65.png', 'cd1976/entry/1976_Page_122 (3)_66.png']",PRINTERSBOOK AND COMMERCIAL,Goldman Printing Co 32 Westminster St Rm 200
383,7602,153 BROADWAY ST,PROVIDENCE,Service Plus-Press Co,100.0,['cd1976/entry/1976_Page_123 (1)_9.png'],PRINTERSBOOK AND COMMERCIAL CONTD,Service Plus-Press Co 153 Broadway
384,7603,263 BROADWAY ST,PROVIDENCE,Social Printing Co,100.0,['cd1976/entry/1976_Page_123 (1)_10.png'],PRINTERSBOOK AND COMMERCIAL CONTD,Social Printing Co 263 Broadway
385,7615,655 PARK AVE,PROVIDENCE,CENTRAL RUBBER STAMP WORKS,100.0,"['cd1976/entry/1976_Page_123 (1)_28.png', 'cd1976/entry/1976_Page_123 (1)_29.png', 'cd1976/entry/1976_Page_123 (1)_30.png']",*PRINTING PLATES,"CENTRAL RUBBER STAMP WORKS 655 Park Av (Cranston, 02910), Tel 467-3585 (See Index To Advertisers)"
386,7637,70 BROADWAY ST,PROVIDENCE,R I Public Employees Council No,90.0,"['cd1976/entry/1976_Page_123 (1)_78.png', 'cd1976/entry/1976_Page_123 (1)_79.png']",PUBLIC RELATIONS COUNSEL,R I Public Employees Council No 70 681 Broadway Rm 8
387,7647,480 BENEFIT ST,PROVIDENCE,Dome Publishing Co,100.0,['cd1976/entry/1976_Page_123 (2)_30.png'],PUBLISHERS,Dome Publishing Co 480 Benefit St
388,7664,95142 HOPE ST,PROVIDENCE,Pleasant Radio & TV Service Co,100.0,"['cd1976/entry/1976_Page_123 (2)_71.png', 'cd1976/entry/1976_Page_123 (2)_72.png']",RADIO EQUIPMENTSALES AND SERVICE,Pleasant Radio & TV Service Co 95142 Hope St
389,7709,178 BROADWAY ST,PROVIDENCE,DOS SANTOS REALTORS,100.0,"['cd1976/entry/1976_Page_124 (2)_2.png', 'cd1976/entry/1976_Page_124 (2)_3.png', 'cd1976/entry/1976_Page_124 (2)_4.png']",REAL ESTATECONTD,"DOS SANTOS REALTORS 178 Broadway (02903), Tel 751-2112 (See Index To Advertisers)"
390,7726,888 RESERVOIR AVE,PROVIDENCE,GAMWELL & INGRAHAM INC,90.0,"['cd1976/entry/1976_Page_124 (2)_27.png', 'cd1976/entry/1976_Page_124 (2)_28.png', 'cd1976/entry/1976_Page_124 (2)_29.png']",REAL ESTATECONTD,GAMWELL & INGRAHAM INC 888 Reservior Av (Cranston 02910) Tel 944-7900 (See Index To Advertisers)
391,7728,36 KENNEDY PLZ,PROVIDENCE,Geneva Land Co Inc,96.0,"['cd1976/entry/1976_Page_124 (2)_31.png', 'cd1976/entry/1976_Page_124 (2)_32.png']",REAL ESTATECONTD,Geneva Land Co Inc 36 Kennedy Plaza Rm 514
392,7730,32 WESTMINSTER ST,PROVIDENCE,Goldman Sidney,100.0,"['cd1976/entry/1976_Page_124 (2)_34.png', 'cd1976/entry/1976_Page_124 (2)_35.png']",REAL ESTATECONTD,Goldman Sidney 32 Westminster St Rm 200
393,7756,400 FOUNTAIN ST,PROVIDENCE,Jere Realty Co Inc,100.0,['cd1976/entry/1976_Page_124 (2)_91.png'],TELEPHONE,Jere Realty Co Inc 400 Fountain St
394,7812,466 BROADWAY ST,PROVIDENCE,Paliano Joseph F,100.0,['cd1976/entry/1976_Page_124 (3)_81.png'],REAL ESTATECONTD,Paliano Joseph F 466 Broadway
395,7825,1389 MATHEWSON ST,PROVIDENCE,Picano Realty,100.0,"['cd1976/entry/1976_Page_124 (3)_102.png', 'cd1976/entry/1976_Page_124 (3)_103.png']",REAL ESTATECONTD,Picano Realty 1389 Mathewson St Rm 210
396,7845,36 KENNEDY PLZ,PROVIDENCE,Riker J Wilbur,90.0,"['cd1976/entry/1976_Page_125 (1)_32.png', 'cd1976/entry/1976_Page_125 (1)_33.png']",REAL ESTATECONTD,Riker J Wilbur 36 Kennedy Plaza Rm
397,7887,498 BROADWAY ST,PROVIDENCE,West Broadway Property & Real Estate Management,100.0,"['cd1976/entry/1976_Page_125 (1)_85.png', 'cd1976/entry/1976_Page_125 (1)_86.png']",REAL ESTATECONTD,West Broadway Property & Real Estate Management 498 Broadway
398,7891,500 BROADWAY ST,PROVIDENCE,Zano Realty Co,100.0,['cd1976/entry/1976_Page_125 (1)_91.png'],REAL ESTATECONTD,Zano Realty Co 500 Broadway
399,7911,36 KENNEDY PLZ,PROVIDENCE,Gold-Bros Inc,96.0,"['cd1976/entry/1976_Page_125 (2)_23.png', 'cd1976/entry/1976_Page_125 (2)_24.png']",REAL ESTATE OWNERS AND DEALERSCONTD,Gold-Bros Inc 36 Kennedy Plaza Rm 514
400,7912,36 KENNEDY PLZ,PROVIDENCE,Haverford Corp,96.0,"['cd1976/entry/1976_Page_125 (2)_25.png', 'cd1976/entry/1976_Page_125 (2)_26.png']",REAL ESTATE OWNERS AND DEALERSCONTD,Haverford Corp 36 Kennedy Plaza Rm 500
401,7924,153 BROADWAY ST,PROVIDENCE,Southland Realty,100.0,['cd1976/entry/1976_Page_125 (2)_42.png'],REAL ESTATE OWNERS AND DEALERSCONTD,Southland Realty 153 Broadway
402,7930,32 WESTMINSTER ST,PROVIDENCE,Westminster Corp,100.0,"['cd1976/entry/1976_Page_125 (2)_52.png', 'cd1976/entry/1976_Page_125 (2)_53.png']",REAL ESTATE OWNERS AND DEALERSCONTD,Westminster Corp 32 Westminster St Rm 200
403,7988,130 BROADWAY ST,PROVIDENCE,Connor Robt,100.0,['cd1976/entry/1976_Page_126 (2)_8.png'],RESTAURANTSCONTD,Connor Robt 130 Broadway
404,8015,667 BROADWAY ST,PROVIDENCE,Eddies Submarine Sandwiches,100.0,"['cd1976/entry/1976_Page_126 (2)_44.png', 'cd1976/entry/1976_Page_126 (2)_45.png']",RESTAURANTSCONTD,Eddies Submarine Sandwiches 667 Broadway
405,8034,471 FOUNTAIN ST,PROVIDENCE,Fountain Spa,100.0,['cd1976/entry/1976_Page_126 (2)_66.png'],RESTAURANTSCONTD,Fountain Spa 471 Fountain St
406,8111,1 RANDALL SQ,PROVIDENCE,Moshassuck Medical Center (Cafeteria),80.0,"['cd1976/entry/1976_Page_126 (3)_66.png', 'cd1976/entry/1976_Page_126 (3)_67.png']",RESTAURANTSCONTD,Moshassuck Medical Center (Cafeteria) 1 Randall Sa Suite 104
407,8145,655 PARK AVE,PROVIDENCE,CENTRAL RUBBER STAMP WORKS,100.0,"['cd1976/entry/1976_Page_127 (2)_11.png', 'cd1976/entry/1976_Page_127 (2)_12.png', 'cd1976/entry/1976_Page_127 (2)_13.png']",RUBBER STAMPS AND SEALS,"CENTRAL RUBBER STAMP WORKS 655 Park Av (Cranston, 02910), Tel 467-3585 (See Index To Advertisers)"
408,8151,1030 PARK AVE,PROVIDENCE,"RI 02809),",100.0,['cd1976/entry/1976_Page_127 (2)_37.png'],SAFE DEPOSIT VAULTS,"RI 02809), 1030 Park Av (Cranston,"
409,8152,555 MARVIN ST,PROVIDENCE,"RI 02910),",84.0,['cd1976/entry/1976_Page_127 (2)_38.png'],SAFE DEPOSIT VAULTS,"RI 02910), 555 Main St (East"
410,8153,1859 PAWTUXET AV,PROVIDENCE,"),",82.0,['cd1976/entry/1976_Page_127 (2)_39.png'],SAFE DEPOSIT VAULTS,"Greenwich RI 02818), 1859 Pawtucket"
411,8155,117 MARVIN ST,PROVIDENCE,"02893),",84.0,"['cd1976/entry/1976_Page_127 (2)_53.png', 'cd1976/entry/1976_Page_127 (2)_54.png']",SAFE DEPOSIT VAULTS,"02893), 117 Main St (Woonsocket, RI 02895) (See Index To Advertisers)"
412,8157,2000 PLAINFIELD ST,PROVIDENCE,WELSH A TEXTRON COMPANY,90.0,"['cd1976/entry/1976_Page_127 (2)_68.png', 'cd1976/entry/1976_Page_127 (2)_69.png', 'cd1976/entry/1976_Page_127 (2)_70.png']",SAFETY DEVICES AND EQUIPMENT,"WELSH A TEXTRON COMPANY 2000 Plainfield Pike (Cranston 02920), Tel 943-4400"
413,8159,361 DYER ST,PROVIDENCE,INNOVATIVE BUSINESS STIMULATOR CO,100.0,"['cd1976/entry/1976_Page_127 (2)_74.png', 'cd1976/entry/1976_Page_127 (2)_75.png', 'cd1976/entry/1976_Page_127 (2)_76.png']",SALES PROMOTION SERVICE,"INNOVATIVE BUSINESS STIMULATOR CO 361 Dyer Av (Cranston; 02910), Tel 944-2811"
414,8171,1030 PARK AVE,PROVIDENCE,"RI 02809),",100.0,['cd1976/entry/1976_Page_127 (3)_48.png'],*SAVINGS BANKS,"RI 02809), 1030 Park Av (Cranston,"
415,8172,555 MARVIN ST,PROVIDENCE,"RI 02910),",84.0,['cd1976/entry/1976_Page_127 (3)_49.png'],*SAVINGS BANKS,"RI 02910), 555 Main St (East"
416,8173,1859 PAWTUXET AV,PROVIDENCE,"),",82.0,['cd1976/entry/1976_Page_127 (3)_50.png'],*SAVINGS BANKS,"Greenwich RI 02818), 1859 Pawtucket"
417,8175,117 MARVIN ST,PROVIDENCE,"02893),",84.0,"['cd1976/entry/1976_Page_127 (3)_64.png', 'cd1976/entry/1976_Page_127 (3)_65.png']",*SAVINGS BANKS,"02893), 117 Main St (Woonsocket, RI 02895) (See Index To Advertisers)"
418,8176,286 MARVIN ST,PROVIDENCE,PAWTUCKET INSTITUTION FOR SAVINGS,84.0,"['cd1976/entry/1976_Page_127 (3)_66.png', 'cd1976/entry/1976_Page_127 (3)_67.png', 'cd1976/entry/1976_Page_127 (3)_68.png', 'cd1976/entry/1976_Page_127 (3)_69.png']",*SAVINGS BANKS,"PAWTUCKET INSTITUTION FOR SAVINGS 286 Main st (Pawtucket; 02860), Tel 724-5000 (See Index To Advertisers)"
419,8198,815 LAUREL HILL AVE,PROVIDENCE,Saint Bartholomews Parochial School,100.0,"['cd1976/entry/1976_Page_128 (2)_39.png', 'cd1976/entry/1976_Page_128 (2)_40.png']",SCHOOLSPAROCHIAL,Saint Bartholomews Parochial School 815 Laurel Hill Av
420,8267,800 WATERMAN ST,PROVIDENCE,BALLOU B A & CO INC,100.0,"['cd1976/entry/1976_Page_128 (3)_64.png', 'cd1976/entry/1976_Page_128 (3)_65.png', 'cd1976/entry/1976_Page_128 (3)_66.png', 'cd1976/entry/1976_Page_128 (3)_67.png']",SCREW MACHINE PRODUCTS,"BALLOU B A & CO INC 800 Waterman Av, (East Providence, 02914), Tel (401) 438-7000 (See Index To Advertisers)"
421,8273,14 FALES ST,PROVIDENCE,Lusco Mfg Co Inc,100.0,['cd1976/entry/1976_Page_128 (3)_77.png'],SCREW MACHINE PRODUCTS,Lusco Mfg Co Inc 14 Fales St
422,8358,5 OLNEYVILLE SQ,PROVIDENCE,Mac The Hatter,100.0,['cd1976/entry/1976_Page_129 (2)_58.png'],SHOE SHINERS,Mac The Hatter 5 Olneyville Sq
423,8362,159 BROADWAY ST,PROVIDENCE,Stewart Associates Inc,100.0,['cd1976/entry/1976_Page_129 (2)_65.png'],SHOPPING SERVICE,Stewart Associates Inc 159 Broadway
424,8363,40 ORIENTAL ST,PROVIDENCE,Royal Box & Display Co Inc,100.0,"['cd1976/entry/1976_Page_129 (2)_67.png', 'cd1976/entry/1976_Page_129 (2)_68.png']",SHOW CASE MFRS,Royal Box & Display Co Inc 40 Oriental St
425,8392,36 OLNEYVILLE SQ,PROVIDENCE,Junction,100.0,['cd1976/entry/1976_Page_129 (3)_36.png'],SOCIAL SERVICE AGENCIES,Junction 36 Olneyville Sq Rm 9
426,8401,498 BROADWAY ST,PROVIDENCE,West Broadway Rehabilitation Office,100.0,"['cd1976/entry/1976_Page_129 (3)_49.png', 'cd1976/entry/1976_Page_129 (3)_50.png']",SOCIAL SERVICE AGENCIES,West Broadway Rehabilitation Office 498 Broadway
427,8410,30 DESOTO ST,PROVIDENCE,Mi Way Soldering Co,87.0,['cd1976/entry/1976_Page_129 (3)_62.png'],SOLDER AND SOLDERING FLUX MFRS,Mi Way Soldering Co 30 De Soto St
428,8433,129 WARREN ST,PROVIDENCE,FORTIN W D PLUMBING HEATING SPRINKLER INC,100.0,"['cd1976/entry/1976_Page_130 (1)_25.png', 'cd1976/entry/1976_Page_130 (1)_26.png', 'cd1976/entry/1976_Page_130 (1)_27.png', 'cd1976/entry/1976_Page_130 (1)_28.png', 'cd1976/entry/1976_Page_130 (1)_29.png']",SPRINKLER SYSTEMSFIRE,"FORTIN W D PLUMBING HEATING SPRINKLER INC 129 Warren Av (Office 995 Main St) (Pawtucket; 02860), Tels 722-4711, 722-4712 And 722-4713 (See Index To Advertisers)"
429,8450,655 PARK AVE,PROVIDENCE,CENTRAL RUBBER STAMP WORKS,100.0,"['cd1976/entry/1976_Page_130 (1)_68.png', 'cd1976/entry/1976_Page_130 (1)_69.png', 'cd1976/entry/1976_Page_130 (1)_70.png']",*STAMPSRUBBER,"CENTRAL RUBBER STAMP WORKS 655 Park Av (Cranston, 02910), Tel 467-3585 (See Index To Advertisers)"
430,8554,129 BROADWAY ST,PROVIDENCE,Broadway Lounge,100.0,['cd1976/entry/1976_Page_131 (1)_51.png'],TAVERNS,Broadway Lounge 129 Broadway
431,8569,19 LUONGO MEMORIAL SQ,PROVIDENCE,Decature Bar,100.0,['cd1976/entry/1976_Page_131 (1)_67.png'],TAVERNS,Decature Bar 19 Luongo Memorial Sq
432,8630,13836 BROAD ST,PROVIDENCE,Rossis Tavern,100.0,['cd1976/entry/1976_Page_131 (2)_39.png'],TAVERNSCONTD,Rossis Tavern 13836 Broad St
433,8661,9 OLNEYVILLE SQ,PROVIDENCE,Wedgewood Tavern Inc,93.0,"['cd1976/entry/1976_Page_131 (2)_72.png', 'cd1976/entry/1976_Page_131 (2)_73.png']",TAVERNSCONTD,Wedgewood Tavern Inc 9 Olneyville
434,8703,117 INDUSTRIAL DR,PROVIDENCE,SCREEN PRINT CORP Rt,90.0,"['cd1976/entry/1976_Page_132 (1).chop_14.png', 'cd1976/entry/1976_Page_132 (1).chop_15.png']",TEXTILE PRINTERS AND DECORATORS,"SCREEN PRINT CORP Rt 117 Industrial Park (Coventry; 02816), Tel 828-4677"
435,8710,270 BROADWAY ST,PROVIDENCE,Columbus Theatre Inc,100.0,['cd1976/entry/1976_Page_132 (1).chop_23.png'],THEATRES,Columbus Theatre Inc 270 Broadway
436,8723,113 BROADWAY ST,PROVIDENCE,Broadway Tire Sales Co,100.0,"['cd1976/entry/1976_Page_132 (1).chop_49.png', 'cd1976/entry/1976_Page_132 (1).chop_50.png']",TIRE DEALERS AND REPAIRING,Broadway Tire Sales Co 113 Broadway
437,8725,116 BROADWAY ST,PROVIDENCE,Engle Tire Co,100.0,['cd1976/entry/1976_Page_132 (1).chop_52.png'],TIRE DEALERS AND REPAIRING,Engle Tire Co 116 Broadway
438,8828,157 BROADWAY ST,PROVIDENCE,Roma Travel,100.0,['cd1976/entry/1976_Page_133 (1)_36.png'],TRAVEL AGENCIESCONTD,Roma Travel 157 Broadway
439,8834,2915 POST RD,PROVIDENCE,WARWICK TRAVEL AGENCY,100.0,"['cd1976/entry/1976_Page_133 (1)_46.png', 'cd1976/entry/1976_Page_133 (1)_47.png']",TRAVEL AGENCIESCONTD,"WARWICK TRAVEL AGENCY 2915 Post Rd (Warwick; 02886), Tel 739-4848"
440,8838,240 DAVIS ST,PROVIDENCE,AMERICAN TREE EXPERT CO,100.0,"['cd1976/entry/1976_Page_133 (1)_63.png', 'cd1976/entry/1976_Page_133 (1)_64.png', 'cd1976/entry/1976_Page_133 (1)_65.png']",TREE SERVICE,"AMERICAN TREE EXPERT CO 240 Davis St (Seekonk, Mass 02771), Tels 401-723-2119 And 617-336-7394"
441,8875,425 FOUNTAIN ST,PROVIDENCE,Hertz Corp (Truck Division),100.0,"['cd1976/entry/1976_Page_133 (2)_45.png', 'cd1976/entry/1976_Page_133 (2)_46.png']",TRUCKSLEASING AND RENTALS,Hertz Corp (Truck Division) 425 Fountain St
442,8892,1080 PARK AVE,PROVIDENCE,"RI 02809),",100.0,['cd1976/entry/1976_Page_133 (3)_21.png'],TRUST COMPANIESCONTD,"RI 02809), 1080 Park Av (Cranston,"
443,8893,555 MARVIN ST,PROVIDENCE,"RI 02910),",84.0,['cd1976/entry/1976_Page_133 (3)_22.png'],TRUST COMPANIESCONTD,"RI 02910), 555 Main St (East"
444,8894,1859 PAWTUXET AV,PROVIDENCE,"),",82.0,['cd1976/entry/1976_Page_133 (3)_23.png'],TRUST COMPANIESCONTD,"Greenwich RI 02818), 1859 Pawtucket"
445,8896,117 MARVIN ST,PROVIDENCE,"02893),",84.0,"['cd1976/entry/1976_Page_133 (3)_37.png', 'cd1976/entry/1976_Page_133 (3)_38.png']",TRUST COMPANIESCONTD,"02893), 117 Main St (Woonsocket, RI 02895) (See Index To Advertisers)"
446,8917,94 CALVERLY ST,PROVIDENCE,B I X Furniture Services Inc,95.0,"['cd1976/entry/1976_Page_134 (1)_24.png', 'cd1976/entry/1976_Page_134 (1)_25.png']",UPHOLSTERERS,B I X Furniture Services Inc 94 Calverley St
447,8919,94 CALVERLY ST,PROVIDENCE,Furniture Restoration,95.0,['cd1976/entry/1976_Page_134 (1)_28.png'],UPHOLSTERERS,Furniture Restoration 94 Calverley St
448,8932,513 BROADWAY ST,PROVIDENCE,Sullivan Stephen,100.0,['cd1976/entry/1976_Page_134 (1)_49.png'],UPHOLSTERERS,Sullivan Stephen 513 Broadway
449,8938,155 BROADWAY ST,PROVIDENCE,Authorized Vacuum Cleaner Service Co,100.0,"['cd1976/entry/1976_Page_134 (2)_4.png', 'cd1976/entry/1976_Page_134 (2)_5.png']",VACUUM CLEANER DEALERS AND REPAIRERS,Authorized Vacuum Cleaner Service Co 155 Broadway
450,9008,144 BROADWAY ST,PROVIDENCE,Aborn Shade Co,100.0,['cd1976/entry/1976_Page_134 (3)_13.png'],VENETIAN BLIND MFRS,Aborn Shade Co 144 Broadway
451,9064,96 CALVERLY ST,PROVIDENCE,State Welding Co Inc,95.0,['cd1976/entry/1976_Page_135 (2)_2.png'],"WELDERS AND

ONTD",State Welding Co Inc 96 Calverley St
